{
"type": "FeatureCollection",
"name": "plates_all_fulltiles",
"features": [
{ "type": "Feature", "properties": { "name": "plate13_10A", "color": [ 80, 80, 255 ], "hex": "#5050FF", "meanx": "54802.625", "meany": " 94213.62" }, "geometry": { "type": "Polygon", "coordinates": [ [ [ 52894.96, 92445.190000000002328 ], [ 52894.96, 95982.05000000000291 ], [ 56710.29, 95982.05000000000291 ], [ 56710.29, 92445.190000000002328 ], [ 52894.96, 92445.190000000002328 ] ] ] } },
{ "type": "Feature", "properties": { "name": "plate13_10B", "color": [ 213, 149, 167 ], "hex": "#D595A7", "meanx": "31791.605", "meany": "101694.65" }, "geometry": { "type": "Polygon", "coordinates": [ [ [ 29957.0, 99977.660000000003492 ], [ 29957.0, 103411.65 ], [ 33626.21, 103411.65 ], [ 33626.21, 99977.660000000003492 ], [ 29957.0, 99977.660000000003492 ] ] ] } },
{ "type": "Feature", "properties": { "name": "plate13_10C", "color": [ 213, 149, 167 ], "hex": "#D595A7", "meanx": "39136.625", "meany": " 90726.07" }, "geometry": { "type": "Polygon", "coordinates": [ [ [ 37276.29, 88974.789999999993597 ], [ 37276.29, 92477.350000000005821 ], [ 40996.96, 92477.350000000005821 ], [ 40996.96, 88974.789999999993597 ], [ 37276.29, 88974.789999999993597 ] ] ] } },
{ "type": "Feature", "properties": { "name": "plate13_10D", "color": [ 80, 80, 255 ], "hex": "#5050FF", "meanx": "42625.355", "meany": " 75989.68" }, "geometry": { "type": "Polygon", "coordinates": [ [ [ 40750.260000000002037, 74201.720000000001164 ], [ 40750.260000000002037, 77777.630000000004657 ], [ 44500.44999999999709, 77777.630000000004657 ], [ 44500.44999999999709, 74201.720000000001164 ], [ 40750.260000000002037, 74201.720000000001164 ] ] ] } },
{ "type": "Feature", "properties": { "name": "plate13_10E", "color": [ 80, 80, 255 ], "hex": "#5050FF", "meanx": "42074.825", "meany": " 53862.61" }, "geometry": { "type": "Polygon", "coordinates": [ [ [ 40195.330000000001746, 52028.339999999996508 ], [ 40195.330000000001746, 55696.879999999997381 ], [ 43954.32, 55696.879999999997381 ], [ 43954.32, 52028.339999999996508 ], [ 40195.330000000001746, 52028.339999999996508 ] ] ] } },
{ "type": "Feature", "properties": { "name": "plate13_10F", "color": [ 80, 80, 255 ], "hex": "#5050FF", "meanx": "57480.475", "meany": " 38098.22" }, "geometry": { "type": "Polygon", "coordinates": [ [ [ 55548.650000000001455, 36204.89 ], [ 55548.650000000001455, 39991.55000000000291 ], [ 59412.30000000000291, 39991.55000000000291 ], [ 59412.30000000000291, 36204.89 ], [ 55548.650000000001455, 36204.89 ] ] ] } },
{ "type": "Feature", "properties": { "name": "plate13_10G", "color": [ 107, 215, 107 ], "hex": "#6BD76B", "meanx": "57996.415", "meany": " 60622.70" }, "geometry": { "type": "Polygon", "coordinates": [ [ [ 56069.230000000003201, 58777.21 ], [ 56069.230000000003201, 62468.190000000002328 ], [ 59923.599999999998545, 62468.190000000002328 ], [ 59923.599999999998545, 58777.21 ], [ 56069.230000000003201, 58777.21 ] ] ] } },
{ "type": "Feature", "properties": { "name": "plate13_10H", "color": [ 80, 80, 255 ], "hex": "#5050FF", "meanx": "66361.450", "meany": " 75353.93" }, "geometry": { "type": "Polygon", "coordinates": [ [ [ 64412.160000000003492, 73526.690000000002328 ], [ 64412.160000000003492, 77181.179999999993015 ], [ 68310.740000000005239, 77181.179999999993015 ], [ 68310.740000000005239, 73526.690000000002328 ], [ 64412.160000000003492, 73526.690000000002328 ] ] ] } },
{ "type": "Feature", "properties": { "name": "plate13_11A", "color": [ 80, 80, 255 ], "hex": "#5050FF", "meanx": "45880.795", "meany": " 49967.96" }, "geometry": { "type": "Polygon", "coordinates": [ [ [ 43988.620000000002619, 48119.36 ], [ 43988.620000000002619, 51816.55000000000291 ], [ 47772.970000000001164, 51816.55000000000291 ], [ 47772.970000000001164, 48119.36 ], [ 43988.620000000002619, 48119.36 ] ] ] } },
{ "type": "Feature", "properties": { "name": "plate13_11B", "color": [ 80, 80, 255 ], "hex": "#5050FF", "meanx": "34647.560", "meany": " 65224.08" }, "geometry": { "type": "Polygon", "coordinates": [ [ [ 32794.239999999997963, 63426.029999999998836 ], [ 32794.239999999997963, 67022.130000000004657 ], [ 36500.879999999997381, 67022.130000000004657 ], [ 36500.879999999997381, 63426.029999999998836 ], [ 32794.239999999997963, 63426.029999999998836 ] ] ] } },
{ "type": "Feature", "properties": { "name": "plate13_11C", "color": [ 213, 149, 167 ], "hex": "#D595A7", "meanx": "27536.400", "meany": " 83646.45" }, "geometry": { "type": "Polygon", "coordinates": [ [ [ 25709.66, 81898.55000000000291 ], [ 25709.66, 85394.339999999996508 ], [ 29363.14, 85394.339999999996508 ], [ 29363.14, 81898.55000000000291 ], [ 25709.66, 81898.55000000000291 ] ] ] } },
{ "type": "Feature", "properties": { "name": "plate13_11D", "color": [ 80, 80, 255 ], "hex": "#5050FF", "meanx": "49538.555", "meany": " 38573.73" }, "geometry": { "type": "Polygon", "coordinates": [ [ [ 47631.650000000001455, 36694.410000000003492 ], [ 47631.650000000001455, 40453.04 ], [ 51445.46, 40453.04 ], [ 51445.46, 36694.410000000003492 ], [ 47631.650000000001455, 36694.410000000003492 ] ] ] } },
{ "type": "Feature", "properties": { "name": "plate13_11E", "color": [ 80, 80, 255 ], "hex": "#5050FF", "meanx": "46961.935", "meany": " 94294.94" }, "geometry": { "type": "Polygon", "coordinates": [ [ [ 45078.669999999998254, 92538.69999999999709 ], [ 45078.669999999998254, 96051.179999999993015 ], [ 48845.19999999999709, 96051.179999999993015 ], [ 48845.19999999999709, 92538.69999999999709 ], [ 45078.669999999998254, 92538.69999999999709 ] ] ] } },
{ "type": "Feature", "properties": { "name": "plate13_11F", "color": [ 213, 149, 167 ], "hex": "#D595A7", "meanx": "30931.475", "meany": " 69012.18" }, "geometry": { "type": "Polygon", "coordinates": [ [ [ 29090.619999999998981, 67228.11 ], [ 29090.619999999998981, 70796.25 ], [ 32772.330000000001746, 70796.25 ], [ 32772.330000000001746, 67228.11 ], [ 29090.619999999998981, 67228.11 ] ] ] } },
{ "type": "Feature", "properties": { "name": "plate13_11G", "color": [ 80, 80, 255 ], "hex": "#5050FF", "meanx": "35589.795", "meany": "101680.11" }, "geometry": { "type": "Polygon", "coordinates": [ [ [ 33743.620000000002619, 99957.179999999993015 ], [ 33743.620000000002619, 103403.04 ], [ 37435.970000000001164, 103403.04 ], [ 37435.970000000001164, 99957.179999999993015 ], [ 33743.620000000002619, 99957.179999999993015 ] ] ] } },
{ "type": "Feature", "properties": { "name": "plate13_11H", "color": [ 213, 149, 167 ], "hex": "#D595A7", "meanx": "23783.005", "meany": " 83722.30" }, "geometry": { "type": "Polygon", "coordinates": [ [ [ 21967.849999999998545, 81980.289999999993597 ], [ 21967.849999999998545, 85464.309999999997672 ], [ 25598.16, 85464.309999999997672 ], [ 25598.16, 81980.289999999993597 ], [ 21967.849999999998545, 81980.289999999993597 ] ] ] } },
{ "type": "Feature", "properties": { "name": "plate13_12A", "color": [ 80, 80, 255 ], "hex": "#5050FF", "meanx": "49717.060", "meany": " 46043.57" }, "geometry": { "type": "Polygon", "coordinates": [ [ [ 47811.910000000003492, 44180.11 ], [ 47811.910000000003492, 47907.029999999998836 ], [ 51622.21, 47907.029999999998836 ], [ 51622.21, 44180.11 ], [ 47811.910000000003492, 44180.11 ] ] ] } },
{ "type": "Feature", "properties": { "name": "plate13_12B", "color": [ 213, 149, 167 ], "hex": "#D595A7", "meanx": "24273.940", "meany": "101723.33" }, "geometry": { "type": "Polygon", "coordinates": [ [ [ 22462.150000000001455, 100018.02 ], [ 22462.150000000001455, 103428.63 ], [ 26085.73, 103428.63 ], [ 26085.73, 100018.02 ], [ 22462.150000000001455, 100018.02 ] ] ] } },
{ "type": "Feature", "properties": { "name": "plate13_12C", "color": [ 107, 215, 107 ], "hex": "#6BD76B", "meanx": "42990.565", "meany": " 90673.52" }, "geometry": { "type": "Polygon", "coordinates": [ [ [ 41118.440000000002328, 88915.929999999993015 ], [ 41118.440000000002328, 92431.119999999995343 ], [ 44862.690000000002328, 92431.119999999995343 ], [ 44862.690000000002328, 88915.929999999993015 ], [ 41118.440000000002328, 88915.929999999993015 ] ] ] } },
{ "type": "Feature", "properties": { "name": "plate13_12D", "color": [ 186, 99, 56 ], "hex": "#BA6338", "meanx": "46332.760", "meany": " 68498.29" }, "geometry": { "type": "Polygon", "coordinates": [ [ [ 44444.220000000001164, 66688.410000000003492 ], [ 44444.220000000001164, 70308.179999999993015 ], [ 48221.30000000000291, 70308.179999999993015 ], [ 48221.30000000000291, 66688.410000000003492 ], [ 44444.220000000001164, 66688.410000000003492 ] ] ] } },
{ "type": "Feature", "properties": { "name": "plate13_12E", "color": [ 116, 155, 88 ], "hex": "#749B58", "meanx": "57652.830", "meany": " 45621.11" }, "geometry": { "type": "Polygon", "coordinates": [ [ [ 55722.55000000000291, 43743.849999999998545 ], [ 55722.55000000000291, 47498.379999999997381 ], [ 59583.11, 47498.379999999997381 ], [ 59583.11, 43743.849999999998545 ], [ 55722.55000000000291, 43743.849999999998545 ] ] ] } },
{ "type": "Feature", "properties": { "name": "plate13_12F", "color": [ 80, 80, 255 ], "hex": "#5050FF", "meanx": "13186.035", "meany": "101765.91" }, "geometry": { "type": "Polygon", "coordinates": [ [ [ 11407.85, 100077.89 ], [ 11407.85, 103453.93 ], [ 14964.22, 103453.93 ], [ 14964.22, 100077.89 ], [ 11407.85, 100077.89 ] ] ] } },
{ "type": "Feature", "properties": { "name": "plate13_12G", "color": [ 80, 80, 255 ], "hex": "#5050FF", "meanx": "45790.325", "meany": " 46252.41" }, "geometry": { "type": "Polygon", "coordinates": [ [ [ 43897.30000000000291, 44395.769999999996799 ], [ 43897.30000000000291, 48109.05000000000291 ], [ 47683.349999999998545, 48109.05000000000291 ], [ 47683.349999999998545, 44395.769999999996799 ], [ 43897.30000000000291, 44395.769999999996799 ] ] ] } },
{ "type": "Feature", "properties": { "name": "plate13_12H", "color": [ 213, 143, 92 ], "hex": "#D58F5C", "meanx": "69687.760", "meany": " 41176.37" }, "geometry": { "type": "Polygon", "coordinates": [ [ [ 67718.39, 39269.650000000001455 ], [ 67718.39, 43083.080000000001746 ], [ 71657.130000000004657, 43083.080000000001746 ], [ 71657.130000000004657, 39269.650000000001455 ], [ 67718.39, 39269.650000000001455 ] ] ] } },
{ "type": "Feature", "properties": { "name": "plate13_1A", "color": [ ], "hex": null, "meanx": "58679.720", "meany": " 90459.43" }, "geometry": { "type": "Polygon", "coordinates": [ [ [ 56758.940000000002328, 88676.910000000003492 ], [ 56758.940000000002328, 92241.960000000006403 ], [ 60600.5, 92241.960000000006403 ], [ 60600.5, 88676.910000000003492 ], [ 56758.940000000002328, 88676.910000000003492 ] ] ] } },
{ "type": "Feature", "properties": { "name": "plate13_1B", "color": [ 116, 155, 88 ], "hex": "#749B58", "meanx": "46242.535", "meany": " 64798.84" }, "geometry": { "type": "Polygon", "coordinates": [ [ [ 44353.36, 62981.349999999998545 ], [ 44353.36, 66616.330000000001746 ], [ 48131.71, 66616.330000000001746 ], [ 48131.71, 62981.349999999998545 ], [ 44353.36, 62981.349999999998545 ] ] ] } },
{ "type": "Feature", "properties": { "name": "plate13_1C", "color": [ 213, 149, 167 ], "hex": "#D595A7", "meanx": "27730.235", "meany": " 90881.79" }, "geometry": { "type": "Polygon", "coordinates": [ [ [ 25905.07, 89148.669999999998254 ], [ 25905.07, 92614.910000000003492 ], [ 29555.400000000001455, 92614.910000000003492 ], [ 29555.400000000001455, 89148.669999999998254 ], [ 25905.07, 89148.669999999998254 ] ] ] } },
{ "type": "Feature", "properties": { "name": "plate13_1D", "color": [ 116, 155, 88 ], "hex": "#749B58", "meanx": "42166.785", "meany": " 57559.21" }, "geometry": { "type": "Polygon", "coordinates": [ [ [ 40287.940000000002328, 55732.71 ], [ 40287.940000000002328, 59385.69999999999709 ], [ 44045.629999999997381, 59385.69999999999709 ], [ 44045.629999999997381, 55732.71 ], [ 40287.940000000002328, 55732.71 ] ] ] } },
{ "type": "Feature", "properties": { "name": "plate13_1E", "color": [ ], "hex": null, "meanx": "70254.845", "meany": " 67699.89" }, "geometry": { "type": "Polygon", "coordinates": [ [ [ 68291.25, 65849.839999999996508 ], [ 68291.25, 69549.94999999999709 ], [ 72218.440000000002328, 69549.94999999999709 ], [ 72218.440000000002328, 65849.839999999996508 ], [ 68291.25, 65849.839999999996508 ] ] ] } },
{ "type": "Feature", "properties": { "name": "plate13_1F", "color": [ 116, 155, 88 ], "hex": "#749B58", "meanx": "58338.695", "meany": " 75568.83" }, "geometry": { "type": "Polygon", "coordinates": [ [ [ 56414.82, 73754.929999999993015 ], [ 56414.82, 77382.729999999995925 ], [ 60262.57, 77382.729999999995925 ], [ 60262.57, 73754.929999999993015 ], [ 56414.82, 73754.929999999993015 ] ] ] } },
{ "type": "Feature", "properties": { "name": "plate13_1G", "color": [ 80, 80, 255 ], "hex": "#5050FF", "meanx": "62252.550", "meany": " 71717.08" }, "geometry": { "type": "Polygon", "coordinates": [ [ [ 60315.129999999997381, 69888.649999999994179 ], [ 60315.129999999997381, 73545.520000000004075 ], [ 64189.970000000001164, 73545.520000000004075 ], [ 64189.970000000001164, 69888.649999999994179 ], [ 60315.129999999997381, 69888.649999999994179 ] ] ] } },
{ "type": "Feature", "properties": { "name": "plate13_1H", "color": [ 80, 80, 255 ], "hex": "#5050FF", "meanx": "66031.990", "meany": " 60301.51" }, "geometry": { "type": "Polygon", "coordinates": [ [ [ 64079.54, 58442.269999999996799 ], [ 64079.54, 62160.760000000002037 ], [ 67984.440000000002328, 62160.760000000002037 ], [ 67984.440000000002328, 58442.269999999996799 ], [ 64079.54, 58442.269999999996799 ] ] ] } },
{ "type": "Feature", "properties": { "name": "plate13_2A", "color": [ 116, 155, 88 ], "hex": "#749B58", "meanx": "58424.055", "meany": " 79296.88" }, "geometry": { "type": "Polygon", "coordinates": [ [ [ 56500.879999999997381, 77490.69999999999709 ], [ 56500.879999999997381, 81103.05000000000291 ], [ 60347.230000000003201, 81103.05000000000291 ], [ 60347.230000000003201, 77490.69999999999709 ], [ 56500.879999999997381, 77490.69999999999709 ] ] ] } },
{ "type": "Feature", "properties": { "name": "plate13_2B", "color": [ 116, 155, 88 ], "hex": "#749B58", "meanx": "53670.535", "meany": " 45833.24" }, "geometry": { "type": "Polygon", "coordinates": [ [ [ 51752.879999999997381, 43962.89 ], [ 51752.879999999997381, 47703.580000000001746 ], [ 55588.190000000002328, 47703.580000000001746 ], [ 55588.190000000002328, 43962.89 ], [ 51752.879999999997381, 43962.89 ] ] ] } },
{ "type": "Feature", "properties": { "name": "plate13_2C", "color": [ 80, 80, 255 ], "hex": "#5050FF", "meanx": "53495.005", "meany": " 38336.98" }, "geometry": { "type": "Polygon", "coordinates": [ [ [ 51575.80000000000291, 36450.870000000002619 ], [ 51575.80000000000291, 40223.089999999996508 ], [ 55414.21, 40223.089999999996508 ], [ 55414.21, 36450.870000000002619 ], [ 51575.80000000000291, 36450.870000000002619 ] ] ] } },
{ "type": "Feature", "properties": { "name": "plate13_2D", "color": [ 107, 215, 107 ], "hex": "#6BD76B", "meanx": "35495.810", "meany": " 98048.99" }, "geometry": { "type": "Polygon", "coordinates": [ [ [ 33648.79, 96318.729999999995925 ], [ 33648.79, 99779.259999999994761 ], [ 37342.830000000001746, 99779.259999999994761 ], [ 37342.830000000001746, 96318.729999999995925 ], [ 33648.79, 96318.729999999995925 ] ] ] } },
{ "type": "Feature", "properties": { "name": "plate13_2E", "color": [ 80, 80, 255 ], "hex": "#5050FF", "meanx": "65783.895", "meany": " 48974.76" }, "geometry": { "type": "Polygon", "coordinates": [ [ [ 63828.94999999999709, 47091.410000000003492 ], [ 63828.94999999999709, 50858.099999999998545 ], [ 67738.839999999996508, 50858.099999999998545 ], [ 67738.839999999996508, 47091.410000000003492 ], [ 63828.94999999999709, 47091.410000000003492 ] ] ] } },
{ "type": "Feature", "properties": { "name": "plate13_2F", "color": [ 186, 99, 56 ], "hex": "#BA6338", "meanx": "65701.090", "meany": " 45192.95" }, "geometry": { "type": "Polygon", "coordinates": [ [ [ 63745.410000000003492, 43301.480000000003201 ], [ 63745.410000000003492, 47084.419999999998254 ], [ 67656.770000000004075, 47084.419999999998254 ], [ 67656.770000000004075, 43301.480000000003201 ], [ 63745.410000000003492, 43301.480000000003201 ] ] ] } },
{ "type": "Feature", "properties": { "name": "plate13_2G", "color": [ 107, 215, 107 ], "hex": "#6BD76B", "meanx": "16957.755", "meany": "105319.11" }, "geometry": { "type": "Polygon", "coordinates": [ [ [ 15169.11, 103630.89 ], [ 15169.11, 107007.33 ], [ 18746.400000000001455, 107007.33 ], [ 18746.400000000001455, 103630.89 ], [ 15169.11, 103630.89 ] ] ] } },
{ "type": "Feature", "properties": { "name": "plate13_2H", "color": [ 80, 80, 255 ], "hex": "#5050FF", "meanx": "43172.620", "meany": " 97994.43" }, "geometry": { "type": "Polygon", "coordinates": [ [ [ 41302.160000000003492, 96252.149999999994179 ], [ 41302.160000000003492, 99736.710000000006403 ], [ 45043.080000000001746, 99736.710000000006403 ], [ 45043.080000000001746, 96252.149999999994179 ], [ 41302.160000000003492, 96252.149999999994179 ] ] ] } },
{ "type": "Feature", "properties": { "name": "plate13_3A", "color": [ 116, 155, 88 ], "hex": "#749B58", "meanx": "49984.295", "meany": " 57220.96" }, "geometry": { "type": "Polygon", "coordinates": [ [ [ 48081.269999999996799, 55381.18 ], [ 48081.269999999996799, 59060.75 ], [ 51887.32, 59060.75 ], [ 51887.32, 55381.18 ], [ 48081.269999999996799, 55381.18 ] ] ] } },
{ "type": "Feature", "properties": { "name": "plate13_3B", "color": [ 186, 99, 56 ], "hex": "#BA6338", "meanx": "54542.545", "meany": " 83100.74" }, "geometry": { "type": "Polygon", "coordinates": [ [ [ 52632.71, 81309.05000000000291 ], [ 52632.71, 84892.440000000002328 ], [ 56452.379999999997381, 84892.440000000002328 ], [ 56452.379999999997381, 81309.05000000000291 ], [ 52632.71, 81309.05000000000291 ] ] ] } },
{ "type": "Feature", "properties": { "name": "plate13_3C", "color": [ 213, 149, 167 ], "hex": "#D595A7", "meanx": "31123.255", "meany": " 76297.88" }, "geometry": { "type": "Polygon", "coordinates": [ [ [ 29283.630000000001019, 74528.779999999998836 ], [ 29283.630000000001019, 78066.979999999995925 ], [ 32962.879999999997381, 78066.979999999995925 ], [ 32962.879999999997381, 74528.779999999998836 ], [ 29283.630000000001019, 74528.779999999998836 ] ] ] } },
{ "type": "Feature", "properties": { "name": "plate13_3D", "color": [ 213, 149, 167 ], "hex": "#D595A7", "meanx": "35119.765", "meany": " 83493.21" }, "geometry": { "type": "Polygon", "coordinates": [ [ [ 33269.89, 81732.880000000004657 ], [ 33269.89, 85253.539999999993597 ], [ 36969.64, 85253.539999999993597 ], [ 36969.64, 81732.880000000004657 ], [ 33269.89, 81732.880000000004657 ] ] ] } },
{ "type": "Feature", "properties": { "name": "plate13_3E", "color": [ 213, 149, 167 ], "hex": "#D595A7", "meanx": "24175.805", "meany": " 98129.63" }, "geometry": { "type": "Polygon", "coordinates": [ [ [ 22363.220000000001164, 96417.130000000004657 ], [ 22363.220000000001164, 99842.130000000004657 ], [ 25988.39, 99842.130000000004657 ], [ 25988.39, 96417.130000000004657 ], [ 22363.220000000001164, 96417.130000000004657 ] ] ] } },
{ "type": "Feature", "properties": { "name": "plate13_3F", "color": [ 116, 155, 88 ], "hex": "#749B58", "meanx": "62084.545", "meany": " 64218.00" }, "geometry": { "type": "Polygon", "coordinates": [ [ [ 60145.589999999996508, 62373.57 ], [ 60145.589999999996508, 66062.429999999993015 ], [ 64023.5, 66062.429999999993015 ], [ 64023.5, 62373.57 ], [ 60145.589999999996508, 62373.57 ] ] ] } },
{ "type": "Feature", "properties": { "name": "plate13_3G", "color": [ ], "hex": null, "meanx": "13287.770", "meany": "105321.15" }, "geometry": { "type": "Polygon", "coordinates": [ [ [ 11510.33, 103638.59 ], [ 11510.33, 107003.72 ], [ 15065.21, 107003.72 ], [ 15065.21, 103638.59 ], [ 11510.33, 103638.59 ] ] ] } },
{ "type": "Feature", "properties": { "name": "plate13_3H", "color": [ 213, 149, 167 ], "hex": "#D595A7", "meanx": "16857.355", "meany": "101751.77" }, "geometry": { "type": "Polygon", "coordinates": [ [ [ 15068.13, 100058.03 ], [ 15068.13, 103445.51 ], [ 18646.580000000001746, 103445.51 ], [ 18646.580000000001746, 100058.03 ], [ 15068.13, 100058.03 ] ] ] } },
{ "type": "Feature", "properties": { "name": "plate13_4A", "color": [ 213, 149, 167 ], "hex": "#D595A7", "meanx": "27439.245", "meany": " 80024.79" }, "geometry": { "type": "Polygon", "coordinates": [ [ [ 25611.93, 78269.410000000003492 ], [ 25611.93, 81780.160000000003492 ], [ 29266.56000000000131, 81780.160000000003492 ], [ 29266.56000000000131, 78269.410000000003492 ], [ 25611.93, 78269.410000000003492 ] ] ] } },
{ "type": "Feature", "properties": { "name": "plate13_4B", "color": [ 186, 99, 56 ], "hex": "#BA6338", "meanx": "53932.865", "meany": " 57050.23" }, "geometry": { "type": "Polygon", "coordinates": [ [ [ 52017.39, 55203.529999999998836 ], [ 52017.39, 58896.93 ], [ 55848.339999999996508, 58896.93 ], [ 55848.339999999996508, 55203.529999999998836 ], [ 52017.39, 55203.529999999998836 ] ] ] } },
{ "type": "Feature", "properties": { "name": "plate13_4C", "color": [ 80, 80, 255 ], "hex": "#5050FF", "meanx": "46602.995", "meany": " 79574.65" }, "geometry": { "type": "Polygon", "coordinates": [ [ [ 44716.589999999996508, 77788.070000000006985 ], [ 44716.589999999996508, 81361.240000000005239 ], [ 48489.400000000001455, 81361.240000000005239 ], [ 48489.400000000001455, 77788.070000000006985 ], [ 44716.589999999996508, 77788.070000000006985 ] ] ] } },
{ "type": "Feature", "properties": { "name": "plate13_4D", "color": [ 116, 155, 88 ], "hex": "#749B58", "meanx": "57824.800", "meany": " 53128.96" }, "geometry": { "type": "Polygon", "coordinates": [ [ [ 55896.080000000001746, 51267.69999999999709 ], [ 55896.080000000001746, 54990.21 ], [ 59753.519999999996799, 54990.21 ], [ 59753.519999999996799, 51267.69999999999709 ], [ 55896.080000000001746, 51267.69999999999709 ] ] ] } },
{ "type": "Feature", "properties": { "name": "plate13_4E", "color": [ 213, 149, 167 ], "hex": "#D595A7", "meanx": "27342.140", "meany": " 76398.94" }, "geometry": { "type": "Polygon", "coordinates": [ [ [ 25514.21, 74636.05000000000291 ], [ 25514.21, 78161.830000000001746 ], [ 29170.07, 78161.830000000001746 ], [ 29170.07, 74636.05000000000291 ], [ 25514.21, 74636.05000000000291 ] ] ] } },
{ "type": "Feature", "properties": { "name": "plate13_4F", "color": [ 116, 155, 88 ], "hex": "#749B58", "meanx": "38579.525", "meany": " 68756.77" }, "geometry": { "type": "Polygon", "coordinates": [ [ [ 36715.029999999998836, 66959.779999999998836 ], [ 36715.029999999998836, 70553.759999999994761 ], [ 40444.019999999996799, 70553.759999999994761 ], [ 40444.019999999996799, 66959.779999999998836 ], [ 36715.029999999998836, 66959.779999999998836 ] ] ] } },
{ "type": "Feature", "properties": { "name": "plate13_4G", "color": [ 80, 80, 255 ], "hex": "#5050FF", "meanx": "46872.230", "meany": " 90620.43" }, "geometry": { "type": "Polygon", "coordinates": [ [ [ 44988.120000000002619, 88856.669999999998254 ], [ 44988.120000000002619, 92384.19999999999709 ], [ 48756.339999999996508, 92384.19999999999709 ], [ 48756.339999999996508, 88856.669999999998254 ], [ 44988.120000000002619, 88856.669999999998254 ] ] ] } },
{ "type": "Feature", "properties": { "name": "plate13_4H", "color": [ 213, 149, 167 ], "hex": "#D595A7", "meanx": "35025.540", "meany": " 79846.51" }, "geometry": { "type": "Polygon", "coordinates": [ [ [ 33175.080000000001746, 78078.770000000004075 ], [ 33175.080000000001746, 81614.25 ], [ 36876.0, 81614.25 ], [ 36876.0, 78078.770000000004075 ], [ 33175.080000000001746, 78078.770000000004075 ] ] ] } },
{ "type": "Feature", "properties": { "name": "plate13_5A", "color": [ 213, 149, 167 ], "hex": "#D595A7", "meanx": "27923.900", "meany": " 98102.99" }, "geometry": { "type": "Polygon", "coordinates": [ [ [ 26100.14, 96384.61 ], [ 26100.14, 99821.380000000004657 ], [ 29747.66, 99821.380000000004657 ], [ 29747.66, 96384.61 ], [ 26100.14, 96384.61 ] ] ] } },
{ "type": "Feature", "properties": { "name": "plate13_5B", "color": [ 116, 155, 88 ], "hex": "#749B58", "meanx": "58081.940", "meany": " 64364.75" }, "geometry": { "type": "Polygon", "coordinates": [ [ [ 56155.64, 62527.220000000001164 ], [ 56155.64, 66202.279999999998836 ], [ 60008.239999999997963, 66202.279999999998836 ], [ 60008.239999999997963, 62527.220000000001164 ], [ 56155.64, 62527.220000000001164 ] ] ] } },
{ "type": "Feature", "properties": { "name": "plate13_5C", "color": [ 213, 149, 167 ], "hex": "#D595A7", "meanx": "42899.360", "meany": " 87007.21" }, "geometry": { "type": "Polygon", "coordinates": [ [ [ 41026.580000000001746, 85242.130000000004657 ], [ 41026.580000000001746, 88772.30000000000291 ], [ 44772.14, 88772.30000000000291 ], [ 44772.14, 85242.130000000004657 ], [ 41026.580000000001746, 85242.130000000004657 ] ] ] } },
{ "type": "Feature", "properties": { "name": "plate13_5D", "color": [ ], "hex": null, "meanx": "43263.450", "meany": "101650.51" }, "geometry": { "type": "Polygon", "coordinates": [ [ [ 41393.599999999998545, 99915.660000000003492 ], [ 41393.599999999998545, 103385.37 ], [ 45133.30000000000291, 103385.37 ], [ 45133.30000000000291, 99915.660000000003492 ], [ 41393.599999999998545, 99915.660000000003492 ] ] ] } },
{ "type": "Feature", "properties": { "name": "plate13_5E", "color": [ 80, 80, 255 ], "hex": "#5050FF", "meanx": "13083.920", "meany": " 98208.20" }, "geometry": { "type": "Polygon", "coordinates": [ [ [ 11304.99, 96513.100000000005821 ], [ 11304.99, 99903.30000000000291 ], [ 14862.85, 99903.30000000000291 ], [ 14862.85, 96513.100000000005821 ], [ 11304.99, 96513.100000000005821 ] ] ] } },
{ "type": "Feature", "properties": { "name": "plate13_5F", "color": [ 213, 149, 167 ], "hex": "#D595A7", "meanx": "24371.725", "meany": "105314.76" }, "geometry": { "type": "Polygon", "coordinates": [ [ [ 22560.68999999999869, 103615.14 ], [ 22560.68999999999869, 107014.38 ], [ 26182.759999999998399, 107014.38 ], [ 26182.759999999998399, 103615.14 ], [ 22560.68999999999869, 103615.14 ] ] ] } },
{ "type": "Feature", "properties": { "name": "plate13_5G", "color": [ 80, 80, 255 ], "hex": "#5050FF", "meanx": "39321.665", "meany": " 98021.86" }, "geometry": { "type": "Polygon", "coordinates": [ [ [ 37462.989999999997963, 96285.410000000003492 ], [ 37462.989999999997963, 99758.30000000000291 ], [ 41180.339999999996508, 99758.30000000000291 ], [ 41180.339999999996508, 96285.410000000003492 ], [ 37462.989999999997963, 96285.410000000003492 ] ] ] } },
{ "type": "Feature", "properties": { "name": "plate13_5H", "color": [ ], "hex": null, "meanx": "39506.155", "meany": "105306.15" }, "geometry": { "type": "Polygon", "coordinates": [ [ [ 37648.919999999998254, 103583.08 ], [ 37648.919999999998254, 107029.23 ], [ 41363.39, 107029.23 ], [ 41363.39, 103583.08 ], [ 37648.919999999998254, 103583.08 ] ] ] } },
{ "type": "Feature", "properties": { "name": "plate13_6A", "color": [ ], "hex": null, "meanx": "70416.320", "meany": " 75245.42" }, "geometry": { "type": "Polygon", "coordinates": [ [ [ 68454.339999999996508, 73411.520000000004075 ], [ 68454.339999999996508, 77079.320000000006985 ], [ 72378.30000000000291, 77079.320000000006985 ], [ 72378.30000000000291, 73411.520000000004075 ], [ 68454.339999999996508, 73411.520000000004075 ] ] ] } },
{ "type": "Feature", "properties": { "name": "plate13_6B", "color": [ 213, 149, 167 ], "hex": "#D595A7", "meanx": "38765.535", "meany": " 76092.91" }, "geometry": { "type": "Polygon", "coordinates": [ [ [ 36902.519999999996799, 74311.270000000004075 ], [ 36902.519999999996799, 77874.55000000000291 ], [ 40628.55000000000291, 77874.55000000000291 ], [ 40628.55000000000291, 74311.270000000004075 ], [ 36902.519999999996799, 74311.270000000004075 ] ] ] } },
{ "type": "Feature", "properties": { "name": "plate13_6C", "color": [ 80, 80, 255 ], "hex": "#5050FF", "meanx": "46512.930", "meany": " 75885.55" }, "geometry": { "type": "Polygon", "coordinates": [ [ [ 44625.69999999999709, 74091.020000000004075 ], [ 44625.69999999999709, 77680.080000000001746 ], [ 48400.160000000003492, 77680.080000000001746 ], [ 48400.160000000003492, 74091.020000000004075 ], [ 44625.69999999999709, 74091.020000000004075 ] ] ] } },
{ "type": "Feature", "properties": { "name": "plate13_6D", "color": [ 80, 80, 255 ], "hex": "#5050FF", "meanx": "49627.830", "meany": " 42310.46" }, "geometry": { "type": "Polygon", "coordinates": [ [ [ 47721.599999999998545, 40439.269999999996799 ], [ 47721.599999999998545, 44181.660000000003492 ], [ 51534.059999999997672, 44181.660000000003492 ], [ 51534.059999999997672, 40439.269999999996799 ], [ 47721.599999999998545, 40439.269999999996799 ] ] ] } },
{ "type": "Feature", "properties": { "name": "plate13_6E", "color": [ ], "hex": null, "meanx": "47051.430", "meany": " 97967.01" }, "geometry": { "type": "Polygon", "coordinates": [ [ [ 45168.830000000001746, 96218.64 ], [ 45168.830000000001746, 99715.369999999995343 ], [ 48934.029999999998836, 99715.369999999995343 ], [ 48934.029999999998836, 96218.64 ], [ 45168.830000000001746, 96218.64 ] ] ] } },
{ "type": "Feature", "properties": { "name": "plate13_6F", "color": [ 80, 80, 255 ], "hex": "#5050FF", "meanx": "66114.645", "meany": " 64070.02" }, "geometry": { "type": "Polygon", "coordinates": [ [ [ 64163.089999999996508, 62218.839999999996508 ], [ 64163.089999999996508, 65921.19999999999709 ], [ 68066.19999999999709, 65921.19999999999709 ], [ 68066.19999999999709, 62218.839999999996508 ], [ 64163.089999999996508, 62218.839999999996508 ] ] ] } },
{ "type": "Feature", "properties": { "name": "plate13_6G", "color": [ 116, 155, 88 ], "hex": "#749B58", "meanx": "65949.345", "meany": " 56530.08" }, "geometry": { "type": "Polygon", "coordinates": [ [ [ 63995.96, 54662.75 ], [ 63995.96, 58397.410000000003492 ], [ 67902.729999999995925, 58397.410000000003492 ], [ 67902.729999999995925, 54662.75 ], [ 63995.96, 54662.75 ] ] ] } },
{ "type": "Feature", "properties": { "name": "plate13_6H", "color": [ 116, 155, 88 ], "hex": "#749B58", "meanx": "46782.540", "meany": " 86941.64" }, "geometry": { "type": "Polygon", "coordinates": [ [ [ 44897.620000000002619, 85170.339999999996508 ], [ 44897.620000000002619, 88712.940000000002328 ], [ 48667.46, 88712.940000000002328 ], [ 48667.46, 85170.339999999996508 ], [ 44897.620000000002619, 85170.339999999996508 ] ] ] } },
{ "type": "Feature", "properties": { "name": "plate13_7A", "color": [ 80, 80, 255 ], "hex": "#5050FF", "meanx": "62503.965", "meany": " 82939.93" }, "geometry": { "type": "Polygon", "coordinates": [ [ [ 60568.970000000001164, 81135.190000000002328 ], [ 60568.970000000001164, 84744.660000000003492 ], [ 64438.96, 84744.660000000003492 ], [ 64438.96, 81135.190000000002328 ], [ 60568.970000000001164, 81135.190000000002328 ] ] ] } },
{ "type": "Feature", "properties": { "name": "plate13_7B", "color": [ 116, 155, 88 ], "hex": "#749B58", "meanx": "43081.625", "meany": " 94335.37" }, "geometry": { "type": "Polygon", "coordinates": [ [ [ 41210.30000000000291, 92585.440000000002328 ], [ 41210.30000000000291, 96085.30000000000291 ], [ 44952.94999999999709, 96085.30000000000291 ], [ 44952.94999999999709, 92585.440000000002328 ], [ 41210.30000000000291, 92585.440000000002328 ] ] ] } },
{ "type": "Feature", "properties": { "name": "plate13_7C", "color": [ 80, 80, 255 ], "hex": "#5050FF", "meanx": "58594.565", "meany": " 86741.70" }, "geometry": { "type": "Polygon", "coordinates": [ [ [ 56672.89, 84951.30000000000291 ], [ 56672.89, 88532.100000000005821 ], [ 60516.239999999997963, 88532.100000000005821 ], [ 60516.239999999997963, 84951.30000000000291 ], [ 56672.89, 84951.30000000000291 ] ] ] } },
{ "type": "Feature", "properties": { "name": "plate13_7D", "color": [ 186, 99, 56 ], "hex": "#BA6338", "meanx": "45971.400", "meany": " 53681.01" }, "geometry": { "type": "Polygon", "coordinates": [ [ [ 44079.900000000001455, 51840.080000000001746 ], [ 44079.900000000001455, 55521.94999999999709 ], [ 47862.900000000001455, 55521.94999999999709 ], [ 47862.900000000001455, 51840.080000000001746 ], [ 44079.900000000001455, 51840.080000000001746 ] ] ] } },
{ "type": "Feature", "properties": { "name": "plate13_7E", "color": [ 213, 149, 167 ], "hex": "#D595A7", "meanx": "31218.920", "meany": " 79935.94" }, "geometry": { "type": "Polygon", "coordinates": [ [ [ 29380.07, 78174.399999999994179 ], [ 29380.07, 81697.479999999995925 ], [ 33057.769999999996799, 81697.479999999995925 ], [ 33057.769999999996799, 78174.399999999994179 ], [ 29380.07, 78174.399999999994179 ] ] ] } },
{ "type": "Feature", "properties": { "name": "plate13_7F", "color": [ 213, 149, 167 ], "hex": "#D595A7", "meanx": "27826.990", "meany": " 94493.48" }, "geometry": { "type": "Polygon", "coordinates": [ [ [ 26002.43, 92767.820000000006985 ], [ 26002.43, 96219.14 ], [ 29651.55, 96219.14 ], [ 29651.55, 92767.820000000006985 ], [ 26002.43, 92767.820000000006985 ] ] ] } },
{ "type": "Feature", "properties": { "name": "plate13_7G", "color": [ 80, 80, 255 ], "hex": "#5050FF", "meanx": "61494.075", "meany": " 37857.99" }, "geometry": { "type": "Polygon", "coordinates": [ [ [ 59549.69999999999709, 35957.57 ], [ 59549.69999999999709, 39758.419999999998254 ], [ 63438.44999999999709, 39758.419999999998254 ], [ 63438.44999999999709, 35957.57 ], [ 59549.69999999999709, 35957.57 ] ] ] } },
{ "type": "Feature", "properties": { "name": "plate13_7H", "color": [ 213, 149, 167 ], "hex": "#D595A7", "meanx": "35213.960", "meany": " 87137.34" }, "geometry": { "type": "Polygon", "coordinates": [ [ [ 33364.730000000003201, 85384.589999999996508 ], [ 33364.730000000003201, 88890.089999999996508 ], [ 37063.190000000002328, 88890.089999999996508 ], [ 37063.190000000002328, 85384.589999999996508 ], [ 33364.730000000003201, 85384.589999999996508 ] ] ] } },
{ "type": "Feature", "properties": { "name": "plate13_8A", "color": [ 186, 99, 56 ], "hex": "#BA6338", "meanx": "46422.885", "meany": " 72193.05" }, "geometry": { "type": "Polygon", "coordinates": [ [ [ 44535.190000000002328, 70390.759999999994761 ], [ 44535.190000000002328, 73995.350000000005821 ], [ 48310.580000000001746, 73995.350000000005821 ], [ 48310.580000000001746, 70390.759999999994761 ], [ 44535.190000000002328, 70390.759999999994761 ] ] ] } },
{ "type": "Feature", "properties": { "name": "plate13_8B", "color": [ 80, 80, 255 ], "hex": "#5050FF", "meanx": "54629.300", "meany": " 86808.75" }, "geometry": { "type": "Polygon", "coordinates": [ [ [ 52720.14, 85024.69999999999709 ], [ 52720.14, 88592.80000000000291 ], [ 56538.46, 88592.80000000000291 ], [ 56538.46, 85024.69999999999709 ], [ 52720.14, 85024.69999999999709 ] ] ] } },
{ "type": "Feature", "properties": { "name": "plate13_8C", "color": [ ], "hex": null, "meanx": "61324.615", "meany": " 30295.20" }, "geometry": { "type": "Polygon", "coordinates": [ [ [ 59378.64, 28378.57 ], [ 59378.64, 32211.830000000001746 ], [ 63270.589999999996508, 32211.830000000001746 ], [ 63270.589999999996508, 28378.57 ], [ 59378.64, 28378.57 ] ] ] } },
{ "type": "Feature", "properties": { "name": "plate13_8D", "color": [ ], "hex": null, "meanx": "69768.875", "meany": " 44976.51" }, "geometry": { "type": "Polygon", "coordinates": [ [ [ 67800.44999999999709, 43077.779999999998836 ], [ 67800.44999999999709, 46875.25 ], [ 71737.30000000000291, 46875.25 ], [ 71737.30000000000291, 43077.779999999998836 ], [ 67800.44999999999709, 43077.779999999998836 ] ] ] } },
{ "type": "Feature", "properties": { "name": "plate13_8E", "color": [ ], "hex": null, "meanx": "69931.160", "meany": " 52565.00" }, "geometry": { "type": "Polygon", "coordinates": [ [ [ 67964.130000000004657, 50682.80000000000291 ], [ 67964.130000000004657, 54447.19999999999709 ], [ 71898.190000000002328, 54447.19999999999709 ], [ 71898.190000000002328, 50682.80000000000291 ], [ 67964.130000000004657, 50682.80000000000291 ] ] ] } },
{ "type": "Feature", "properties": { "name": "plate13_8F", "color": [ 80, 80, 255 ], "hex": "#5050FF", "meanx": "54194.575", "meany": " 68235.79" }, "geometry": { "type": "Polygon", "coordinates": [ [ [ 52281.510000000002037, 66412.830000000001746 ], [ 52281.510000000002037, 70058.759999999994761 ], [ 56107.64, 70058.759999999994761 ], [ 56107.64, 66412.830000000001746 ], [ 52281.510000000002037, 66412.830000000001746 ] ] ] } },
{ "type": "Feature", "properties": { "name": "plate13_8G", "color": [ 107, 215, 107 ], "hex": "#6BD76B", "meanx": "35683.620", "meany": "105308.28" }, "geometry": { "type": "Polygon", "coordinates": [ [ [ 33838.05000000000291, 103591.09 ], [ 33838.05000000000291, 107025.47 ], [ 37529.190000000002328, 107025.47 ], [ 37529.190000000002328, 103591.09 ], [ 33838.05000000000291, 103591.09 ] ] ] } },
{ "type": "Feature", "properties": { "name": "plate13_8H", "color": [ 80, 80, 255 ], "hex": "#5050FF", "meanx": "53319.445", "meany": " 30827.60" }, "geometry": { "type": "Polygon", "coordinates": [ [ [ 51398.71, 28925.29 ], [ 51398.71, 32729.91 ], [ 55240.18, 32729.91 ], [ 55240.18, 28925.29 ], [ 51398.71, 28925.29 ] ] ] } },
{ "type": "Feature", "properties": { "name": "plate13_9A", "color": [ ], "hex": null, "meanx": "41982.865", "meany": " 50162.64" }, "geometry": { "type": "Polygon", "coordinates": [ [ [ 40102.75, 48320.769999999996799 ], [ 40102.75, 52004.510000000002037 ], [ 43862.980000000003201, 52004.510000000002037 ], [ 43862.980000000003201, 48320.769999999996799 ], [ 40102.75, 48320.769999999996799 ] ] ] } },
{ "type": "Feature", "properties": { "name": "plate13_9B", "color": [ 213, 149, 167 ], "hex": "#D595A7", "meanx": "23684.625", "meany": " 80112.96" }, "geometry": { "type": "Polygon", "coordinates": [ [ [ 21868.900000000001455, 78363.690000000002328 ], [ 21868.900000000001455, 81862.229999999995925 ], [ 25500.349999999998545, 81862.229999999995925 ], [ 25500.349999999998545, 78363.690000000002328 ], [ 21868.900000000001455, 78363.690000000002328 ] ] ] } },
{ "type": "Feature", "properties": { "name": "plate13_9C", "color": [ 213, 149, 167 ], "hex": "#D595A7", "meanx": "31601.225", "meany": " 94454.26" }, "geometry": { "type": "Polygon", "coordinates": [ [ [ 29765.23, 92722.44999999999709 ], [ 29765.23, 96186.059999999997672 ], [ 33437.220000000001164, 96186.059999999997672 ], [ 33437.220000000001164, 92722.44999999999709 ], [ 29765.23, 92722.44999999999709 ] ] ] } },
{ "type": "Feature", "properties": { "name": "plate13_9D", "color": [ 213, 149, 167 ], "hex": "#D595A7", "meanx": "20552.520", "meany": "101737.78" }, "geometry": { "type": "Polygon", "coordinates": [ [ [ 18751.96, 100038.29 ], [ 18751.96, 103437.27 ], [ 22353.080000000001746, 103437.27 ], [ 22353.080000000001746, 100038.29 ], [ 18751.96, 100038.29 ] ] ] } },
{ "type": "Feature", "properties": { "name": "plate13_9E", "color": [ 213, 149, 167 ], "hex": "#D595A7", "meanx": "62336.495", "meany": " 75461.88" }, "geometry": { "type": "Polygon", "coordinates": [ [ [ 60400.150000000001455, 73641.410000000003492 ], [ 60400.150000000001455, 77282.339999999996508 ], [ 64272.839999999996508, 77282.339999999996508 ], [ 64272.839999999996508, 73641.410000000003492 ], [ 60400.150000000001455, 73641.410000000003492 ] ] ] } },
{ "type": "Feature", "properties": { "name": "plate13_9F", "color": [ 186, 99, 56 ], "hex": "#BA6338", "meanx": "38392.970", "meany": " 61406.12" }, "geometry": { "type": "Polygon", "coordinates": [ [ [ 36526.839999999996508, 59594.11 ], [ 36526.839999999996508, 63218.129999999997381 ], [ 40259.099999999998545, 63218.129999999997381 ], [ 40259.099999999998545, 59594.11 ], [ 36526.839999999996508, 59594.11 ] ] ] } },
{ "type": "Feature", "properties": { "name": "plate13_9G", "color": [ 107, 215, 107 ], "hex": "#6BD76B", "meanx": "54368.660", "meany": " 75675.21" }, "geometry": { "type": "Polygon", "coordinates": [ [ [ 52457.129999999997381, 73868.0 ], [ 52457.129999999997381, 77482.419999999998254 ], [ 56280.190000000002328, 77482.419999999998254 ], [ 56280.190000000002328, 73868.0 ], [ 52457.129999999997381, 73868.0 ] ] ] } },
{ "type": "Feature", "properties": { "name": "plate13_9H", "color": [ 213, 143, 92 ], "hex": "#D58F5C", "meanx": "50516.320", "meany": " 79482.83" }, "geometry": { "type": "Polygon", "coordinates": [ [ [ 48617.849999999998545, 77689.690000000002328 ], [ 48617.849999999998545, 81275.960000000006403 ], [ 52414.79, 81275.960000000006403 ], [ 52414.79, 77689.690000000002328 ], [ 48617.849999999998545, 77689.690000000002328 ] ] ] } },
{ "type": "Feature", "properties": { "name": "plate2_10A", "color": [ ], "hex": null, "meanx": "70093.090", "meany": " 60138.95" }, "geometry": { "type": "Polygon", "coordinates": [ [ [ 68127.880000000004657, 58272.849999999998545 ], [ 68127.880000000004657, 62005.05000000000291 ], [ 72058.30000000000291, 62005.05000000000291 ], [ 72058.30000000000291, 58272.849999999998545 ], [ 68127.880000000004657, 58272.849999999998545 ] ] ] } },
{ "type": "Feature", "properties": { "name": "plate2_10B", "color": [ 116, 155, 88 ], "hex": "#749B58", "meanx": "57910.650", "meany": " 56878.12" }, "geometry": { "type": "Polygon", "coordinates": [ [ [ 55982.809999999997672, 55024.650000000001455 ], [ 55982.809999999997672, 58731.580000000001746 ], [ 59838.489999999997963, 58731.580000000001746 ], [ 59838.489999999997963, 55024.650000000001455 ], [ 55982.809999999997672, 55024.650000000001455 ] ] ] } },
{ "type": "Feature", "properties": { "name": "plate2_10C", "color": [ 80, 80, 255 ], "hex": "#5050FF", "meanx": "65866.690", "meany": " 52754.36" }, "geometry": { "type": "Polygon", "coordinates": [ [ [ 63912.839999999996508, 50879.129999999997381 ], [ 63912.839999999996508, 54629.599999999998545 ], [ 67820.539999999993597, 54629.599999999998545 ], [ 67820.539999999993597, 50879.129999999997381 ], [ 63912.839999999996508, 50879.129999999997381 ] ] ] } },
{ "type": "Feature", "properties": { "name": "plate2_10D", "color": [ 186, 99, 56 ], "hex": "#BA6338", "meanx": "50073.000", "meany": " 60939.38" }, "geometry": { "type": "Polygon", "coordinates": [ [ [ 48170.830000000001746, 59107.46 ], [ 48170.830000000001746, 62771.309999999997672 ], [ 51975.169999999998254, 62771.309999999997672 ], [ 51975.169999999998254, 59107.46 ], [ 48170.830000000001746, 59107.46 ] ] ] } },
{ "type": "Feature", "properties": { "name": "plate2_10E", "color": [ 213, 149, 167 ], "hex": "#D595A7", "meanx": "16655.880", "meany": " 94609.37" }, "geometry": { "type": "Polygon", "coordinates": [ [ [ 14865.14, 92901.380000000004657 ], [ 14865.14, 96317.36 ], [ 18446.619999999998981, 96317.36 ], [ 18446.619999999998981, 92901.380000000004657 ], [ 14865.14, 92901.380000000004657 ] ] ] } },
{ "type": "Feature", "properties": { "name": "plate2_10F", "color": [ 80, 80, 255 ], "hex": "#5050FF", "meanx": "58509.425", "meany": " 83020.54" }, "geometry": { "type": "Polygon", "coordinates": [ [ [ 56586.89, 81222.440000000002328 ], [ 56586.89, 84818.630000000004657 ], [ 60431.96, 84818.630000000004657 ], [ 60431.96, 81222.440000000002328 ], [ 56586.89, 81222.440000000002328 ] ] ] } },
{ "type": "Feature", "properties": { "name": "plate2_10G", "color": [ 213, 149, 167 ], "hex": "#D595A7", "meanx": "39043.900", "meany": " 87072.73" }, "geometry": { "type": "Polygon", "coordinates": [ [ [ 37183.14, 85313.839999999996508 ], [ 37183.14, 88831.619999999995343 ], [ 40904.660000000003492, 88831.619999999995343 ], [ 40904.660000000003492, 85313.839999999996508 ], [ 37183.14, 85313.839999999996508 ] ] ] } },
{ "type": "Feature", "properties": { "name": "plate2_10H", "color": [ 213, 149, 167 ], "hex": "#D595A7", "meanx": "24077.870", "meany": " 94532.33" }, "geometry": { "type": "Polygon", "coordinates": [ [ [ 22264.68999999999869, 92812.429999999993015 ], [ 22264.68999999999869, 96252.240000000005239 ], [ 25891.05, 96252.240000000005239 ], [ 25891.05, 92812.429999999993015 ], [ 22264.68999999999869, 92812.429999999993015 ] ] ] } },
{ "type": "Feature", "properties": { "name": "plate2_11A", "color": [ 80, 80, 255 ], "hex": "#5050FF", "meanx": "42350.390", "meany": " 64941.51" }, "geometry": { "type": "Polygon", "coordinates": [ [ [ 40473.21, 63130.36 ], [ 40473.21, 66752.669999999998254 ], [ 44227.57, 66752.669999999998254 ], [ 44227.57, 63130.36 ], [ 40473.21, 63130.36 ] ] ] } },
{ "type": "Feature", "properties": { "name": "plate2_11B", "color": [ ], "hex": null, "meanx": "70012.285", "meany": " 56354.32" }, "geometry": { "type": "Polygon", "coordinates": [ [ [ 68046.160000000003492, 54480.07 ], [ 68046.160000000003492, 58228.559999999997672 ], [ 71978.410000000003492, 58228.559999999997672 ], [ 71978.410000000003492, 54480.07 ], [ 68046.160000000003492, 54480.07 ] ] ] } },
{ "type": "Feature", "properties": { "name": "plate2_11C", "color": [ 107, 215, 107 ], "hex": "#6BD76B", "meanx": "38299.600", "meany": " 57726.60" }, "geometry": { "type": "Polygon", "coordinates": [ [ [ 36432.86, 55906.69999999999709 ], [ 36432.86, 59546.5 ], [ 40166.339999999996508, 59546.5 ], [ 40166.339999999996508, 55906.69999999999709 ], [ 36432.86, 55906.69999999999709 ] ] ] } },
{ "type": "Feature", "properties": { "name": "plate2_11D", "color": [ 80, 80, 255 ], "hex": "#5050FF", "meanx": "50692.755", "meany": " 86875.38" }, "geometry": { "type": "Polygon", "coordinates": [ [ [ 48795.75, 85097.619999999995343 ], [ 48795.75, 88653.14 ], [ 52589.760000000002037, 88653.14 ], [ 52589.760000000002037, 85097.619999999995343 ], [ 48795.75, 85097.619999999995343 ] ] ] } },
{ "type": "Feature", "properties": { "name": "plate2_11E", "color": [ 80, 80, 255 ], "hex": "#5050FF", "meanx": "66279.375", "meany": " 71595.93" }, "geometry": { "type": "Polygon", "coordinates": [ [ [ 64329.419999999998254, 69760.86 ], [ 64329.419999999998254, 73431.009999999994761 ], [ 68229.330000000001746, 73431.009999999994761 ], [ 68229.330000000001746, 69760.86 ], [ 64329.419999999998254, 69760.86 ] ] ] } },
{ "type": "Feature", "properties": { "name": "plate2_11F", "color": [ 213, 149, 167 ], "hex": "#D595A7", "meanx": "20353.810", "meany": " 94571.08" }, "geometry": { "type": "Polygon", "coordinates": [ [ [ 18552.09, 92857.059999999997672 ], [ 18552.09, 96285.11 ], [ 22155.529999999998836, 96285.11 ], [ 22155.529999999998836, 92857.059999999997672 ], [ 18552.09, 92857.059999999997672 ] ] ] } },
{ "type": "Feature", "properties": { "name": "plate2_11G", "color": [ 80, 80, 255 ], "hex": "#5050FF", "meanx": "61578.740", "meany": " 41634.79" }, "geometry": { "type": "Polygon", "coordinates": [ [ [ 59635.04, 39742.46 ], [ 59635.04, 43527.11 ], [ 63522.440000000002328, 43527.11 ], [ 63522.440000000002328, 39742.46 ], [ 59635.04, 39742.46 ] ] ] } },
{ "type": "Feature", "properties": { "name": "plate2_11H", "color": [ 80, 80, 255 ], "hex": "#5050FF", "meanx": "53407.285", "meany": " 34584.60" }, "geometry": { "type": "Polygon", "coordinates": [ [ [ 51487.239999999997963, 32690.5 ], [ 51487.239999999997963, 36478.69999999999709 ], [ 55327.330000000001746, 36478.69999999999709 ], [ 55327.330000000001746, 32690.5 ], [ 51487.239999999997963, 32690.5 ] ] ] } },
{ "type": "Feature", "properties": { "name": "plate2_12A", "color": [ 80, 80, 255 ], "hex": "#5050FF", "meanx": "49895.215", "meany": " 53498.33" }, "geometry": { "type": "Polygon", "coordinates": [ [ [ 47991.349999999998545, 51650.480000000003201 ], [ 47991.349999999998545, 55346.18 ], [ 51799.080000000001746, 55346.18 ], [ 51799.080000000001746, 51650.480000000003201 ], [ 47991.349999999998545, 51650.480000000003201 ] ] ] } },
{ "type": "Feature", "properties": { "name": "plate2_12B", "color": [ 80, 80, 255 ], "hex": "#5050FF", "meanx": "54107.460", "meany": " 64510.27" }, "geometry": { "type": "Polygon", "coordinates": [ [ [ 52193.720000000001164, 62679.410000000003492 ], [ 52193.720000000001164, 66341.130000000004657 ], [ 56021.19999999999709, 66341.130000000004657 ], [ 56021.19999999999709, 62679.410000000003492 ], [ 52193.720000000001164, 62679.410000000003492 ] ] ] } },
{ "type": "Feature", "properties": { "name": "plate2_12C", "color": [ 80, 80, 255 ], "hex": "#5050FF", "meanx": "62168.630", "meany": " 67969.76" }, "geometry": { "type": "Polygon", "coordinates": [ [ [ 60230.529999999998836, 66133.339999999996508 ], [ 60230.529999999998836, 69806.179999999993015 ], [ 64106.730000000003201, 69806.179999999993015 ], [ 64106.730000000003201, 66133.339999999996508 ], [ 60230.529999999998836, 66133.339999999996508 ] ] ] } },
{ "type": "Feature", "properties": { "name": "plate2_12D", "color": [ 116, 155, 88 ], "hex": "#749B58", "meanx": "50339.110", "meany": " 72075.33" }, "geometry": { "type": "Polygon", "coordinates": [ [ [ 48439.099999999998545, 70266.570000000006985 ], [ 48439.099999999998545, 73884.089999999996508 ], [ 52239.120000000002619, 73884.089999999996508 ], [ 52239.120000000002619, 70266.570000000006985 ], [ 48439.099999999998545, 70266.570000000006985 ] ] ] } },
{ "type": "Feature", "properties": { "name": "plate2_12E", "color": [ 186, 99, 56 ], "hex": "#BA6338", "meanx": "53758.070", "meany": " 49575.07" }, "geometry": { "type": "Polygon", "coordinates": [ [ [ 51841.07, 47712.68 ], [ 51841.07, 51437.46 ], [ 55675.07, 51437.46 ], [ 55675.07, 47712.68 ], [ 51841.07, 47712.68 ] ] ] } },
{ "type": "Feature", "properties": { "name": "plate2_12F", "color": [ 213, 149, 167 ], "hex": "#D595A7", "meanx": "20453.345", "meany": " 98156.04" }, "geometry": { "type": "Polygon", "coordinates": [ [ [ 18652.2, 96449.369999999995343 ], [ 18652.2, 99862.69999999999709 ], [ 22254.490000000001601, 99862.69999999999709 ], [ 22254.490000000001601, 96449.369999999995343 ], [ 18652.2, 96449.369999999995343 ] ] ] } },
{ "type": "Feature", "properties": { "name": "plate2_12G", "color": [ 213, 149, 167 ], "hex": "#D595A7", "meanx": "31696.520", "meany": " 98076.10" }, "geometry": { "type": "Polygon", "coordinates": [ [ [ 29861.29, 96351.80000000000291 ], [ 29861.29, 99800.399999999994179 ], [ 33531.75, 99800.399999999994179 ], [ 33531.75, 96351.80000000000291 ], [ 29861.29, 96351.80000000000291 ] ] ] } },
{ "type": "Feature", "properties": { "name": "plate2_12H", "color": [ 80, 80, 255 ], "hex": "#5050FF", "meanx": "61831.920", "meany": " 52942.42" }, "geometry": { "type": "Polygon", "coordinates": [ [ [ 59890.68, 51074.099999999998545 ], [ 59890.68, 54810.730000000003201 ], [ 63773.160000000003492, 54810.730000000003201 ], [ 63773.160000000003492, 51074.099999999998545 ], [ 59890.68, 51074.099999999998545 ] ] ] } },
{ "type": "Feature", "properties": { "name": "plate2_1A", "color": [ 213, 149, 167 ], "hex": "#D595A7", "meanx": "34836.760", "meany": " 72541.49" }, "geometry": { "type": "Polygon", "coordinates": [ [ [ 32984.690000000002328, 70758.520000000004075 ], [ 32984.690000000002328, 74324.470000000001164 ], [ 36688.830000000001746, 74324.470000000001164 ], [ 36688.830000000001746, 70758.520000000004075 ], [ 32984.690000000002328, 70758.520000000004075 ] ] ] } },
{ "type": "Feature", "properties": { "name": "plate2_1B", "color": [ 213, 149, 167 ], "hex": "#D595A7", "meanx": "27633.340", "meany": " 87265.57" }, "geometry": { "type": "Polygon", "coordinates": [ [ [ 25807.400000000001455, 85524.979999999995925 ], [ 25807.400000000001455, 89006.160000000003492 ], [ 29459.279999999998836, 89006.160000000003492 ], [ 29459.279999999998836, 85524.979999999995925 ], [ 25807.400000000001455, 85524.979999999995925 ] ] ] } },
{ "type": "Feature", "properties": { "name": "plate2_1C", "color": [ 186, 99, 56 ], "hex": "#BA6338", "meanx": "42442.150", "meany": " 68627.97" }, "geometry": { "type": "Polygon", "coordinates": [ [ [ 40565.809999999997672, 66824.740000000005239 ], [ 40565.809999999997672, 70431.19999999999709 ], [ 44318.489999999997963, 70431.19999999999709 ], [ 44318.489999999997963, 66824.740000000005239 ], [ 40565.809999999997672, 66824.740000000005239 ] ] ] } },
{ "type": "Feature", "properties": { "name": "plate2_1D", "color": [ 80, 80, 255 ], "hex": "#5050FF", "meanx": "53582.875", "meany": " 42086.67" }, "geometry": { "type": "Polygon", "coordinates": [ [ [ 51664.349999999998545, 40208.349999999998545 ], [ 51664.349999999998545, 43964.989999999997963 ], [ 55501.400000000001455, 43964.989999999997963 ], [ 55501.400000000001455, 40208.349999999998545 ], [ 51664.349999999998545, 40208.349999999998545 ] ] ] } },
{ "type": "Feature", "properties": { "name": "plate2_1E", "color": [ 186, 99, 56 ], "hex": "#BA6338", "meanx": "50161.870", "meany": " 64655.18" }, "geometry": { "type": "Polygon", "coordinates": [ [ [ 48260.379999999997381, 62830.93 ], [ 48260.379999999997381, 66479.419999999998254 ], [ 52063.36, 66479.419999999998254 ], [ 52063.36, 62830.93 ], [ 48260.379999999997381, 62830.93 ] ] ] } },
{ "type": "Feature", "properties": { "name": "plate2_1F", "color": [ 213, 149, 167 ], "hex": "#D595A7", "meanx": "35307.970", "meany": " 90778.37" }, "geometry": { "type": "Polygon", "coordinates": [ [ [ 33459.559999999997672, 89033.190000000002328 ], [ 33459.559999999997672, 92523.55000000000291 ], [ 37156.379999999997381, 92523.55000000000291 ], [ 37156.379999999997381, 89033.190000000002328 ], [ 33459.559999999997672, 89033.190000000002328 ] ] ] } },
{ "type": "Feature", "properties": { "name": "plate2_1G", "color": [ ], "hex": null, "meanx": "43354.480", "meany": "105303.94" }, "geometry": { "type": "Polygon", "coordinates": [ [ [ 41485.46, 103574.95 ], [ 41485.46, 107032.93 ], [ 45223.5, 107032.93 ], [ 45223.5, 103574.95 ], [ 41485.46, 103574.95 ] ] ] } },
{ "type": "Feature", "properties": { "name": "plate2_1H", "color": [ 80, 80, 255 ], "hex": "#5050FF", "meanx": "54455.800", "meany": " 79390.07" }, "geometry": { "type": "Polygon", "coordinates": [ [ [ 52544.919999999998254, 77590.520000000004075 ], [ 52544.919999999998254, 81189.619999999995343 ], [ 56366.68, 81189.619999999995343 ], [ 56366.68, 77590.520000000004075 ], [ 52544.919999999998254, 77590.520000000004075 ] ] ] } },
{ "type": "Feature", "properties": { "name": "plate2_2A", "color": [ ], "hex": null, "meanx": "47140.895", "meany": "101635.54" }, "geometry": { "type": "Polygon", "coordinates": [ [ [ 45258.94999999999709, 99894.679999999993015 ], [ 45258.94999999999709, 103376.41 ], [ 49022.839999999996508, 103376.41 ], [ 49022.839999999996508, 99894.679999999993015 ], [ 45258.94999999999709, 99894.679999999993015 ] ] ] } },
{ "type": "Feature", "properties": { "name": "plate2_2B", "color": [ 80, 80, 255 ], "hex": "#5050FF", "meanx": "50957.185", "meany": " 97939.17" }, "geometry": { "type": "Polygon", "coordinates": [ [ [ 49062.529999999998836, 96184.490000000005239 ], [ 49062.529999999998836, 99693.839999999996508 ], [ 52851.839999999996508, 99693.839999999996508 ], [ 52851.839999999996508, 96184.490000000005239 ], [ 49062.529999999998836, 96184.490000000005239 ] ] ] } },
{ "type": "Feature", "properties": { "name": "plate2_2C", "color": [ 80, 80, 255 ], "hex": "#5050FF", "meanx": "54716.065", "meany": " 90513.36" }, "geometry": { "type": "Polygon", "coordinates": [ [ [ 52807.580000000001746, 88737.130000000004657 ], [ 52807.580000000001746, 92289.589999999996508 ], [ 56624.55000000000291, 92289.589999999996508 ], [ 56624.55000000000291, 88737.130000000004657 ], [ 52807.580000000001746, 88737.130000000004657 ] ] ] } },
{ "type": "Feature", "properties": { "name": "plate2_2D", "color": [ 80, 80, 255 ], "hex": "#5050FF", "meanx": "38486.230", "meany": " 65083.21" }, "geometry": { "type": "Polygon", "coordinates": [ [ [ 36621.129999999997381, 63278.730000000003201 ], [ 36621.129999999997381, 66887.69999999999709 ], [ 40351.330000000001746, 66887.69999999999709 ], [ 40351.330000000001746, 63278.730000000003201 ], [ 36621.129999999997381, 63278.730000000003201 ] ] ] } },
{ "type": "Feature", "properties": { "name": "plate2_2E", "color": [ 80, 80, 255 ], "hex": "#5050FF", "meanx": "62420.380", "meany": " 79203.01" }, "geometry": { "type": "Polygon", "coordinates": [ [ [ 60484.75, 77390.509999999994761 ], [ 60484.75, 81015.520000000004075 ], [ 64356.010000000002037, 81015.520000000004075 ], [ 64356.010000000002037, 77390.509999999994761 ], [ 60484.75, 77390.509999999994761 ] ] ] } },
{ "type": "Feature", "properties": { "name": "plate2_2F", "color": [ 80, 80, 255 ], "hex": "#5050FF", "meanx": "57738.715", "meany": " 49376.30" }, "geometry": { "type": "Polygon", "coordinates": [ [ [ 55809.32, 47507.029999999998836 ], [ 55809.32, 51245.57 ], [ 59668.11, 51245.57 ], [ 59668.11, 47507.029999999998836 ], [ 55809.32, 47507.029999999998836 ] ] ] } },
{ "type": "Feature", "properties": { "name": "plate2_2G", "color": [ 80, 80, 255 ], "hex": "#5050FF", "meanx": "46692.685", "meany": " 83259.45" }, "geometry": { "type": "Polygon", "coordinates": [ [ [ 44807.11, 81480.419999999998254 ], [ 44807.11, 85038.479999999995925 ], [ 48578.260000000002037, 85038.479999999995925 ], [ 48578.260000000002037, 81480.419999999998254 ], [ 44807.11, 81480.419999999998254 ] ] ] } },
{ "type": "Feature", "properties": { "name": "plate2_2H", "color": [ 80, 80, 255 ], "hex": "#5050FF", "meanx": "61916.350", "meany": " 56704.82" }, "geometry": { "type": "Polygon", "coordinates": [ [ [ 59976.029999999998836, 54844.54 ], [ 59976.029999999998836, 58565.089999999996508 ], [ 63856.669999999998254, 58565.089999999996508 ], [ 63856.669999999998254, 54844.54 ], [ 59976.029999999998836, 54844.54 ] ] ] } },
{ "type": "Feature", "properties": { "name": "plate2_3A", "color": [ 80, 80, 255 ], "hex": "#5050FF", "meanx": "54281.730", "meany": " 71956.75" }, "geometry": { "type": "Polygon", "coordinates": [ [ [ 52369.32, 70141.470000000001164 ], [ 52369.32, 73772.029999999998836 ], [ 56194.14, 73772.029999999998836 ], [ 56194.14, 70141.470000000001164 ], [ 52369.32, 70141.470000000001164 ] ] ] } },
{ "type": "Feature", "properties": { "name": "plate2_3B", "color": [ 80, 80, 255 ], "hex": "#5050FF", "meanx": "38672.460", "meany": " 72426.23" }, "geometry": { "type": "Polygon", "coordinates": [ [ [ 36808.650000000001455, 70636.929999999993015 ], [ 36808.650000000001455, 74215.539999999993597 ], [ 40536.269999999996799, 74215.539999999993597 ], [ 40536.269999999996799, 70636.929999999993015 ], [ 36808.650000000001455, 70636.929999999993015 ] ] ] } },
{ "type": "Feature", "properties": { "name": "plate2_3C", "color": [ 213, 149, 167 ], "hex": "#D595A7", "meanx": "23979.500", "meany": " 90932.92" }, "geometry": { "type": "Polygon", "coordinates": [ [ [ 22165.740000000001601, 89205.770000000004075 ], [ 22165.740000000001601, 92660.059999999997672 ], [ 25793.259999999998399, 92660.059999999997672 ], [ 25793.259999999998399, 89205.770000000004075 ], [ 22165.740000000001601, 89205.770000000004075 ] ] ] } },
{ "type": "Feature", "properties": { "name": "plate2_3D", "color": [ 213, 149, 167 ], "hex": "#D595A7", "meanx": "42716.740", "meany": " 79665.86" }, "geometry": { "type": "Polygon", "coordinates": [ [ [ 40842.5, 77885.410000000003492 ], [ 40842.5, 81446.30000000000291 ], [ 44590.980000000003201, 81446.30000000000291 ], [ 44590.980000000003201, 77885.410000000003492 ], [ 40842.5, 77885.410000000003492 ] ] ] } },
{ "type": "Feature", "properties": { "name": "plate2_3E", "color": [ 213, 149, 167 ], "hex": "#D595A7", "meanx": "20651.875", "meany": "105316.94" }, "geometry": { "type": "Polygon", "coordinates": [ [ [ 18852.11, 103623.04 ], [ 18852.11, 107010.84 ], [ 22451.64, 107010.84 ], [ 22451.64, 103623.04 ], [ 18852.11, 103623.04 ] ] ] } },
{ "type": "Feature", "properties": { "name": "plate2_3F", "color": [ 186, 99, 56 ], "hex": "#BA6338", "meanx": "54020.145", "meany": " 60781.49" }, "geometry": { "type": "Polygon", "coordinates": [ [ [ 52105.559999999997672, 58942.71 ], [ 52105.559999999997672, 62620.260000000002037 ], [ 55934.730000000003201, 62620.260000000002037 ], [ 55934.730000000003201, 58942.71 ], [ 52105.559999999997672, 58942.71 ] ] ] } },
{ "type": "Feature", "properties": { "name": "plate2_3G", "color": [ 80, 80, 255 ], "hex": "#5050FF", "meanx": "50781.100", "meany": " 90566.93" }, "geometry": { "type": "Polygon", "coordinates": [ [ [ 48884.94999999999709, 88796.94999999999709 ], [ 48884.94999999999709, 92336.910000000003492 ], [ 52677.25, 92336.910000000003492 ], [ 52677.25, 88796.94999999999709 ], [ 48884.94999999999709, 88796.94999999999709 ] ] ] } },
{ "type": "Feature", "properties": { "name": "plate2_3H", "color": [ 80, 80, 255 ], "hex": "#5050FF", "meanx": "50869.230", "meany": " 94254.37" }, "geometry": { "type": "Polygon", "coordinates": [ [ [ 48973.75, 92491.970000000001164 ], [ 48973.75, 96016.770000000004075 ], [ 52764.71, 96016.770000000004075 ], [ 52764.71, 92491.970000000001164 ], [ 48973.75, 92491.970000000001164 ] ] ] } },
{ "type": "Feature", "properties": { "name": "plate2_4A", "color": [ 213, 149, 167 ], "hex": "#D595A7", "meanx": "38858.440", "meany": " 79756.62" }, "geometry": { "type": "Polygon", "coordinates": [ [ [ 36996.04, 77982.44999999999709 ], [ 36996.04, 81530.789999999993597 ], [ 40720.839999999996508, 81530.789999999993597 ], [ 40720.839999999996508, 77982.44999999999709 ], [ 36996.04, 77982.44999999999709 ] ] ] } },
{ "type": "Feature", "properties": { "name": "plate2_4B", "color": [ 80, 80, 255 ], "hex": "#5050FF", "meanx": "57394.160", "meany": " 34332.60" }, "geometry": { "type": "Polygon", "coordinates": [ [ [ 55461.470000000001164, 32431.400000000001455 ], [ 55461.470000000001164, 36233.80000000000291 ], [ 59326.849999999998545, 36233.80000000000291 ], [ 59326.849999999998545, 32431.400000000001455 ], [ 55461.470000000001164, 32431.400000000001455 ] ] ] } },
{ "type": "Feature", "properties": { "name": "plate2_4C", "color": [ 186, 99, 56 ], "hex": "#BA6338", "meanx": "50250.575", "meany": " 68367.51" }, "geometry": { "type": "Polygon", "coordinates": [ [ [ 48349.900000000001455, 66551.11 ], [ 48349.900000000001455, 70183.919999999998254 ], [ 52151.25, 70183.919999999998254 ], [ 52151.25, 66551.11 ], [ 48349.900000000001455, 66551.11 ] ] ] } },
{ "type": "Feature", "properties": { "name": "plate2_4D", "color": [ 213, 149, 167 ], "hex": "#D595A7", "meanx": "31886.700", "meany": "105310.48" }, "geometry": { "type": "Polygon", "coordinates": [ [ [ 30052.7, 103599.3 ], [ 30052.7, 107021.66 ], [ 33720.69999999999709, 107021.66 ], [ 33720.69999999999709, 103599.3 ], [ 30052.7, 103599.3 ] ] ] } },
{ "type": "Feature", "properties": { "name": "plate2_4E", "color": [ 80, 80, 255 ], "hex": "#5050FF", "meanx": "58167.630", "meany": " 68103.34" }, "geometry": { "type": "Polygon", "coordinates": [ [ [ 56242.019999999996799, 66273.570000000006985 ], [ 56242.019999999996799, 69933.100000000005821 ], [ 60093.239999999997963, 69933.100000000005821 ], [ 60093.239999999997963, 66273.570000000006985 ], [ 56242.019999999996799, 66273.570000000006985 ] ] ] } },
{ "type": "Feature", "properties": { "name": "plate2_4F", "color": [ 80, 80, 255 ], "hex": "#5050FF", "meanx": "57307.755", "meany": " 30562.33" }, "geometry": { "type": "Polygon", "coordinates": [ [ [ 55374.400000000001455, 28653.07 ], [ 55374.400000000001455, 32471.580000000001746 ], [ 59241.11, 32471.580000000001746 ], [ 59241.11, 28653.07 ], [ 55374.400000000001455, 28653.07 ] ] ] } },
{ "type": "Feature", "properties": { "name": "plate2_4G", "color": [ 80, 80, 255 ], "hex": "#5050FF", "meanx": "46061.840", "meany": " 57390.66" }, "geometry": { "type": "Polygon", "coordinates": [ [ [ 44171.18, 55557.559999999997672 ], [ 44171.18, 59223.769999999996799 ], [ 47952.5, 59223.769999999996799 ], [ 47952.5, 55557.559999999997672 ], [ 44171.18, 55557.559999999997672 ] ] ] } },
{ "type": "Feature", "properties": { "name": "plate2_4H", "color": [ 80, 80, 255 ], "hex": "#5050FF", "meanx": "61663.165", "meany": " 45407.68" }, "geometry": { "type": "Polygon", "coordinates": [ [ [ 59720.36, 43523.25 ], [ 59720.36, 47292.11 ], [ 63605.970000000001164, 47292.11 ], [ 63605.970000000001164, 43523.25 ], [ 59720.36, 43523.25 ] ] ] } },
{ "type": "Feature", "properties": { "name": "plate2_5A", "color": [ 213, 149, 167 ], "hex": "#D595A7", "meanx": "28116.950", "meany": "105312.68" }, "geometry": { "type": "Polygon", "coordinates": [ [ [ 26294.43, 103607.13 ], [ 26294.43, 107018.24 ], [ 29939.470000000001164, 107018.24 ], [ 29939.470000000001164, 103607.13 ], [ 26294.43, 103607.13 ] ] ] } },
{ "type": "Feature", "properties": { "name": "plate2_5B", "color": [ 80, 80, 255 ], "hex": "#5050FF", "meanx": "62000.665", "meany": " 60462.58" }, "geometry": { "type": "Polygon", "coordinates": [ [ [ 60061.0, 58610.14 ], [ 60061.0, 62315.029999999998836 ], [ 63940.330000000001746, 62315.029999999998836 ], [ 63940.330000000001746, 58610.14 ], [ 60061.0, 58610.14 ] ] ] } },
{ "type": "Feature", "properties": { "name": "plate2_5C", "color": [ 213, 149, 167 ], "hex": "#D595A7", "meanx": "31505.735", "meany": " 90830.27" }, "geometry": { "type": "Polygon", "coordinates": [ [ [ 29669.09, 89091.14 ], [ 29669.09, 92569.399999999994179 ], [ 33342.379999999997381, 92569.399999999994179 ], [ 33342.379999999997381, 89091.14 ], [ 29669.09, 89091.14 ] ] ] } },
{ "type": "Feature", "properties": { "name": "plate2_5D", "color": [ 186, 99, 56 ], "hex": "#BA6338", "meanx": "46152.105", "meany": " 61095.98" }, "geometry": { "type": "Polygon", "coordinates": [ [ [ 44262.080000000001746, 59270.690000000002328 ], [ 44262.080000000001746, 62921.269999999996799 ], [ 48042.129999999997381, 62921.269999999996799 ], [ 48042.129999999997381, 59270.690000000002328 ], [ 44262.080000000001746, 59270.690000000002328 ] ] ] } },
{ "type": "Feature", "properties": { "name": "plate2_5E", "color": [ 80, 80, 255 ], "hex": "#5050FF", "meanx": "50427.615", "meany": " 75780.68" }, "geometry": { "type": "Polygon", "coordinates": [ [ [ 48528.30000000000291, 73979.910000000003492 ], [ 48528.30000000000291, 77581.44999999999709 ], [ 52326.93, 77581.44999999999709 ], [ 52326.93, 73979.910000000003492 ], [ 48528.30000000000291, 73979.910000000003492 ] ] ] } },
{ "type": "Feature", "properties": { "name": "plate2_5F", "color": [ 213, 149, 167 ], "hex": "#D595A7", "meanx": "16756.630", "meany": " 98182.26" }, "geometry": { "type": "Polygon", "coordinates": [ [ [ 14966.82, 96481.399999999994179 ], [ 14966.82, 99883.11 ], [ 18546.43999999999869, 99883.11 ], [ 18546.43999999999869, 96481.399999999994179 ], [ 14966.82, 96481.399999999994179 ] ] ] } },
{ "type": "Feature", "properties": { "name": "plate2_5G", "color": [ 107, 215, 107 ], "hex": "#6BD76B", "meanx": "39229.170", "meany": " 94375.35" }, "geometry": { "type": "Polygon", "coordinates": [ [ [ 37369.86, 92631.509999999994761 ], [ 37369.86, 96119.19999999999709 ], [ 41088.480000000003201, 96119.19999999999709 ], [ 41088.480000000003201, 92631.509999999994761 ], [ 37369.86, 92631.509999999994761 ] ] ] } },
{ "type": "Feature", "properties": { "name": "plate2_5H", "color": [ 186, 99, 56 ], "hex": "#BA6338", "meanx": "42533.785", "meany": " 72310.12" }, "geometry": { "type": "Polygon", "coordinates": [ [ [ 40658.07, 70514.440000000002328 ], [ 40658.07, 74105.809999999997672 ], [ 44409.5, 74105.809999999997672 ], [ 44409.5, 70514.440000000002328 ], [ 40658.07, 70514.440000000002328 ] ] ] } },
{ "type": "Feature", "properties": { "name": "plate2_6A", "color": [ 80, 80, 255 ], "hex": "#5050FF", "meanx": "49806.340", "meany": " 49772.11" }, "geometry": { "type": "Polygon", "coordinates": [ [ [ 47901.82, 47916.55000000000291 ], [ 47901.82, 51627.669999999998254 ], [ 51710.86, 51627.669999999998254 ], [ 51710.86, 47916.55000000000291 ], [ 47901.82, 47916.55000000000291 ] ] ] } },
{ "type": "Feature", "properties": { "name": "plate2_6B", "color": [ 116, 155, 88 ], "hex": "#749B58", "meanx": "53845.560", "meany": " 53314.38" }, "geometry": { "type": "Polygon", "coordinates": [ [ [ 51929.220000000001164, 51459.940000000002328 ], [ 51929.220000000001164, 55168.809999999997672 ], [ 55761.900000000001455, 55168.809999999997672 ], [ 55761.900000000001455, 51459.940000000002328 ], [ 51929.220000000001164, 51459.940000000002328 ] ] ] } },
{ "type": "Feature", "properties": { "name": "plate2_6C", "color": [ 80, 80, 255 ], "hex": "#5050FF", "meanx": "65618.295", "meany": " 41406.28" }, "geometry": { "type": "Polygon", "coordinates": [ [ [ 63661.940000000002328, 39506.68 ], [ 63661.940000000002328, 43305.879999999997381 ], [ 67574.649999999994179, 43305.879999999997381 ], [ 67574.649999999994179, 39506.68 ], [ 63661.940000000002328, 39506.68 ] ] ] } },
{ "type": "Feature", "properties": { "name": "plate2_6D", "color": [ 80, 80, 255 ], "hex": "#5050FF", "meanx": "39413.955", "meany": "101665.42" }, "geometry": { "type": "Polygon", "coordinates": [ [ [ 37556.07, 99936.570000000006985 ], [ 37556.07, 103394.27 ], [ 41271.839999999996508, 103394.27 ], [ 41271.839999999996508, 99936.570000000006985 ], [ 37556.07, 99936.570000000006985 ] ] ] } },
{ "type": "Feature", "properties": { "name": "plate2_6E", "color": [ 80, 80, 255 ], "hex": "#5050FF", "meanx": "57566.720", "meany": " 41861.51" }, "geometry": { "type": "Polygon", "coordinates": [ [ [ 55635.75, 39976.21 ], [ 55635.75, 43746.809999999997672 ], [ 59497.690000000002328, 43746.809999999997672 ], [ 59497.690000000002328, 39976.21 ], [ 55635.75, 39976.21 ] ] ] } },
{ "type": "Feature", "properties": { "name": "plate2_6F", "color": [ ], "hex": null, "meanx": "70335.465", "meany": " 71473.94" }, "geometry": { "type": "Polygon", "coordinates": [ [ [ 68372.55000000000291, 69632.160000000003492 ], [ 68372.55000000000291, 73315.720000000001164 ], [ 72298.380000000004657, 73315.720000000001164 ], [ 72298.380000000004657, 69632.160000000003492 ], [ 68372.55000000000291, 69632.160000000003492 ] ] ] } },
{ "type": "Feature", "properties": { "name": "plate2_6G", "color": [ 213, 149, 167 ], "hex": "#D595A7", "meanx": "35401.995", "meany": " 94414.96" }, "geometry": { "type": "Polygon", "coordinates": [ [ [ 33554.379999999997381, 92677.160000000003492 ], [ 33554.379999999997381, 96152.759999999994761 ], [ 37249.61, 96152.759999999994761 ], [ 37249.61, 92677.160000000003492 ], [ 33554.379999999997381, 92677.160000000003492 ] ] ] } },
{ "type": "Feature", "properties": { "name": "plate2_6H", "color": [ 80, 80, 255 ], "hex": "#5050FF", "meanx": "62587.685", "meany": " 86674.14" }, "geometry": { "type": "Polygon", "coordinates": [ [ [ 60653.61, 84877.350000000005821 ], [ 60653.61, 88470.919999999998254 ], [ 64521.760000000002037, 88470.919999999998254 ], [ 64521.760000000002037, 84877.350000000005821 ], [ 60653.61, 84877.350000000005821 ] ] ] } },
{ "type": "Feature", "properties": { "name": "plate2_7A", "color": [ ], "hex": null, "meanx": "70174.090", "meany": " 63921.38" }, "geometry": { "type": "Polygon", "coordinates": [ [ [ 68209.55000000000291, 62063.39 ], [ 68209.55000000000291, 65779.36 ], [ 72138.630000000004657, 65779.36 ], [ 72138.630000000004657, 62063.39 ], [ 68209.55000000000291, 62063.39 ] ] ] } },
{ "type": "Feature", "properties": { "name": "plate2_7B", "color": [ 213, 149, 167 ], "hex": "#D595A7", "meanx": "28020.605", "meany": "101709.09" }, "geometry": { "type": "Polygon", "coordinates": [ [ [ 26197.46, 99997.970000000001164 ], [ 26197.46, 103420.21 ], [ 29843.75, 103420.21 ], [ 29843.75, 99997.970000000001164 ], [ 26197.46, 99997.970000000001164 ] ] ] } },
{ "type": "Feature", "properties": { "name": "plate2_7C", "color": [ 80, 80, 255 ], "hex": "#5050FF", "meanx": "61747.630", "meany": " 49176.32" }, "geometry": { "type": "Polygon", "coordinates": [ [ [ 59805.68, 47299.96 ], [ 59805.68, 51052.690000000002328 ], [ 63689.580000000001746, 51052.690000000002328 ], [ 63689.580000000001746, 47299.96 ], [ 59805.68, 47299.96 ] ] ] } },
{ "type": "Feature", "properties": { "name": "plate2_7D", "color": [ ], "hex": null, "meanx": "69850.245", "meany": " 48771.96" }, "geometry": { "type": "Polygon", "coordinates": [ [ [ 67882.5, 46881.410000000003492 ], [ 67882.5, 50662.519999999996799 ], [ 71817.990000000005239, 50662.519999999996799 ], [ 71817.990000000005239, 46881.410000000003492 ], [ 67882.5, 46881.410000000003492 ] ] ] } },
{ "type": "Feature", "properties": { "name": "plate2_7E", "color": [ 213, 149, 167 ], "hex": "#D595A7", "meanx": "16555.100", "meany": " 91034.21" }, "geometry": { "type": "Polygon", "coordinates": [ [ [ 14763.78, 89318.710000000006403 ], [ 14763.78, 92749.710000000006403 ], [ 18346.419999999998254, 92749.710000000006403 ], [ 18346.419999999998254, 89318.710000000006403 ], [ 14763.78, 89318.710000000006403 ] ] ] } },
{ "type": "Feature", "properties": { "name": "plate2_7F", "color": [ 213, 149, 167 ], "hex": "#D595A7", "meanx": "31314.650", "meany": " 83569.99" }, "geometry": { "type": "Polygon", "coordinates": [ [ [ 29476.599999999998545, 81815.809999999997672 ], [ 29476.599999999998545, 85324.179999999993015 ], [ 33152.69999999999709, 85324.179999999993015 ], [ 33152.69999999999709, 81815.809999999997672 ], [ 29476.599999999998545, 81815.809999999997672 ] ] ] } },
{ "type": "Feature", "properties": { "name": "plate2_7G", "color": [ ], "hex": null, "meanx": "65535.270", "meany": " 37616.26" }, "geometry": { "type": "Polygon", "coordinates": [ [ [ 63578.019999999996799, 35708.519999999996799 ], [ 63578.019999999996799, 39524.0 ], [ 67492.520000000004075, 39524.0 ], [ 67492.520000000004075, 35708.519999999996799 ], [ 63578.019999999996799, 35708.519999999996799 ] ] ] } },
{ "type": "Feature", "properties": { "name": "plate2_7H", "color": [ 213, 149, 167 ], "hex": "#D595A7", "meanx": "20254.400", "meany": " 90983.64" }, "geometry": { "type": "Polygon", "coordinates": [ [ [ 18451.91, 89262.440000000002328 ], [ 18451.91, 92704.830000000001746 ], [ 22056.89, 92704.830000000001746 ], [ 22056.89, 89262.440000000002328 ], [ 18451.91, 89262.440000000002328 ] ] ] } },
{ "type": "Feature", "properties": { "name": "plate2_8A", "color": [ 80, 80, 255 ], "hex": "#5050FF", "meanx": "66443.715", "meany": " 79108.43" }, "geometry": { "type": "Polygon", "coordinates": [ [ [ 64495.32, 77289.19999999999709 ], [ 64495.32, 80927.669999999998254 ], [ 68392.11, 80927.669999999998254 ], [ 68392.11, 77289.19999999999709 ], [ 64495.32, 77289.19999999999709 ] ] ] } },
{ "type": "Feature", "properties": { "name": "plate2_8B", "color": [ ], "hex": null, "meanx": "61409.605", "meany": " 34079.00" }, "geometry": { "type": "Polygon", "coordinates": [ [ [ 59464.32, 32170.48 ], [ 59464.32, 35987.529999999998836 ], [ 63354.89, 35987.529999999998836 ], [ 63354.89, 32170.48 ], [ 59464.32, 32170.48 ] ] ] } },
{ "type": "Feature", "properties": { "name": "plate2_8C", "color": [ 213, 149, 167 ], "hex": "#D595A7", "meanx": "31027.370", "meany": " 72656.12" }, "geometry": { "type": "Polygon", "coordinates": [ [ [ 29187.119999999998981, 70879.630000000004657 ], [ 29187.119999999998981, 74432.61 ], [ 32867.620000000002619, 74432.61 ], [ 32867.620000000002619, 70879.630000000004657 ], [ 29187.119999999998981, 70879.630000000004657 ] ] ] } },
{ "type": "Feature", "properties": { "name": "plate2_8D", "color": [ 213, 149, 167 ], "hex": "#D595A7", "meanx": "31410.110", "meany": " 87201.85" }, "geometry": { "type": "Polygon", "coordinates": [ [ [ 29572.7, 85455.19999999999709 ], [ 29572.7, 88948.5 ], [ 33247.519999999996799, 88948.5 ], [ 33247.519999999996799, 85455.19999999999709 ], [ 29572.7, 85455.19999999999709 ] ] ] } },
{ "type": "Feature", "properties": { "name": "plate2_8E", "color": [ 213, 149, 167 ], "hex": "#D595A7", "meanx": "20154.670", "meany": " 87392.24" }, "geometry": { "type": "Polygon", "coordinates": [ [ [ 18351.400000000001455, 85663.649999999994179 ], [ 18351.400000000001455, 89120.820000000006985 ], [ 21957.93999999999869, 89120.820000000006985 ], [ 21957.93999999999869, 85663.649999999994179 ], [ 18351.400000000001455, 85663.649999999994179 ] ] ] } },
{ "type": "Feature", "properties": { "name": "plate2_8F", "color": [ 213, 149, 167 ], "hex": "#D595A7", "meanx": "42807.995", "meany": " 83337.93" }, "geometry": { "type": "Polygon", "coordinates": [ [ [ 40934.39, 81565.179999999993015 ], [ 40934.39, 85110.690000000002328 ], [ 44681.599999999998545, 85110.690000000002328 ], [ 44681.599999999998545, 81565.179999999993015 ], [ 40934.39, 81565.179999999993015 ] ] ] } },
{ "type": "Feature", "properties": { "name": "plate2_8G", "color": [ 80, 80, 255 ], "hex": "#5050FF", "meanx": "49449.285", "meany": " 34834.50" }, "geometry": { "type": "Polygon", "coordinates": [ [ [ 47541.720000000001164, 32947.43 ], [ 47541.720000000001164, 36721.57 ], [ 51356.849999999998545, 36721.57 ], [ 51356.849999999998545, 32947.43 ], [ 47541.720000000001164, 32947.43 ] ] ] } },
{ "type": "Feature", "properties": { "name": "plate2_8H", "color": [ 213, 149, 167 ], "hex": "#D595A7", "meanx": "34931.180", "meany": " 76195.75" }, "geometry": { "type": "Polygon", "coordinates": [ [ [ 33079.900000000001455, 74420.410000000003492 ], [ 33079.900000000001455, 77971.089999999996508 ], [ 36782.46, 77971.089999999996508 ], [ 36782.46, 74420.410000000003492 ], [ 33079.900000000001455, 74420.410000000003492 ] ] ] } },
{ "type": "Feature", "properties": { "name": "plate2_9A", "color": [ 186, 99, 56 ], "hex": "#BA6338", "meanx": "42258.585", "meany": " 61251.49" }, "geometry": { "type": "Polygon", "coordinates": [ [ [ 40380.57, 59432.769999999996799 ], [ 40380.57, 63070.21 ], [ 44136.599999999998545, 63070.21 ], [ 44136.599999999998545, 59432.769999999996799 ], [ 40380.57, 59432.769999999996799 ] ] ] } },
{ "type": "Feature", "properties": { "name": "plate2_9B", "color": [ 80, 80, 255 ], "hex": "#5050FF", "meanx": "45699.525", "meany": " 42532.53" }, "geometry": { "type": "Polygon", "coordinates": [ [ [ 43805.660000000003492, 40668.21 ], [ 43805.660000000003492, 44396.849999999998545 ], [ 47593.39, 44396.849999999998545 ], [ 47593.39, 40668.21 ], [ 43805.660000000003492, 40668.21 ] ] ] } },
{ "type": "Feature", "properties": { "name": "plate2_9C", "color": [ 80, 80, 255 ], "hex": "#5050FF", "meanx": "50604.460", "meany": " 83180.42" }, "geometry": { "type": "Polygon", "coordinates": [ [ [ 48706.620000000002619, 81395.080000000001746 ], [ 48706.620000000002619, 84965.759999999994761 ], [ 52502.30000000000291, 84965.759999999994761 ], [ 52502.30000000000291, 81395.080000000001746 ], [ 48706.620000000002619, 81395.080000000001746 ] ] ] } },
{ "type": "Feature", "properties": { "name": "plate2_9D", "color": [ ], "hex": null, "meanx": "66196.890", "meany": " 67835.20" }, "geometry": { "type": "Polygon", "coordinates": [ [ [ 64246.19999999999709, 65992.070000000006985 ], [ 64246.19999999999709, 69678.320000000006985 ], [ 68147.580000000001746, 69678.320000000006985 ], [ 68147.580000000001746, 65992.070000000006985 ], [ 64246.19999999999709, 65992.070000000006985 ] ] ] } },
{ "type": "Feature", "properties": { "name": "plate2_9E", "color": [ 213, 149, 167 ], "hex": "#D595A7", "meanx": "34742.165", "meany": " 68885.01" }, "geometry": { "type": "Polygon", "coordinates": [ [ [ 32889.46, 67094.600000000005821 ], [ 32889.46, 70675.410000000003492 ], [ 36594.870000000002619, 70675.410000000003492 ], [ 36594.870000000002619, 67094.600000000005821 ], [ 32889.46, 67094.600000000005821 ] ] ] } },
{ "type": "Feature", "properties": { "name": "plate2_9F", "color": [ 213, 149, 167 ], "hex": "#D595A7", "meanx": "23881.335", "meany": " 87329.14" }, "geometry": { "type": "Polygon", "coordinates": [ [ [ 22066.79, 85594.580000000001746 ], [ 22066.79, 89063.69999999999709 ], [ 25695.880000000001019, 89063.69999999999709 ], [ 25695.880000000001019, 85594.580000000001746 ], [ 22066.79, 85594.580000000001746 ] ] ] } },
{ "type": "Feature", "properties": { "name": "plate2_9G", "color": [ 80, 80, 255 ], "hex": "#5050FF", "meanx": "58253.170", "meany": " 71837.35" }, "geometry": { "type": "Polygon", "coordinates": [ [ [ 56328.419999999998254, 70015.509999999994761 ], [ 56328.419999999998254, 73659.179999999993015 ], [ 60177.919999999998254, 73659.179999999993015 ], [ 60177.919999999998254, 70015.509999999994761 ], [ 56328.419999999998254, 70015.509999999994761 ] ] ] } },
{ "type": "Feature", "properties": { "name": "plate2_9H", "color": [ 213, 149, 167 ], "hex": "#D595A7", "meanx": "38951.185", "meany": " 83415.88" }, "geometry": { "type": "Polygon", "coordinates": [ [ [ 37089.64, 81649.339999999996508 ], [ 37089.64, 85182.410000000003492 ], [ 40812.730000000003201, 85182.410000000003492 ], [ 40812.730000000003201, 81649.339999999996508 ], [ 37089.64, 81649.339999999996508 ] ] ] } },
{ "type": "Feature", "properties": { "name": "plate4_10A", "color": [ 213, 143, 92 ], "hex": "#D58F5C", "meanx": "17739.835", "meany": " 18496.57" }, "geometry": { "type": "Polygon", "coordinates": [ [ [ 16362.85, 17166.25 ], [ 16362.85, 19826.89 ], [ 19116.82, 19826.89 ], [ 19116.82, 17166.25 ], [ 16362.85, 17166.25 ] ] ] } },
{ "type": "Feature", "properties": { "name": "plate4_10B", "color": [ 213, 143, 92 ], "hex": "#D58F5C", "meanx": "10107.895", "meany": " 32456.26" }, "geometry": { "type": "Polygon", "coordinates": [ [ [ 8704.909999999999854, 31135.529999999998836 ], [ 8704.909999999999854, 33776.989999999997963 ], [ 11510.88, 33776.989999999997963 ], [ 11510.88, 31135.529999999998836 ], [ 8704.909999999999854, 31135.529999999998836 ] ] ] } },
{ "type": "Feature", "properties": { "name": "plate4_10C", "color": [ 213, 143, 92 ], "hex": "#D58F5C", "meanx": "15077.925", "meany": " 21334.75" }, "geometry": { "type": "Polygon", "coordinates": [ [ [ 13686.67, 20003.380000000001019 ], [ 13686.67, 22666.119999999998981 ], [ 16469.18, 22666.119999999998981 ], [ 16469.18, 20003.380000000001019 ], [ 13686.67, 20003.380000000001019 ] ] ] } },
{ "type": "Feature", "properties": { "name": "plate4_10D", "color": [ 97, 42, 121 ], "hex": "#612A79", "meanx": "16104.425", "meany": " 40085.65" }, "geometry": { "type": "Polygon", "coordinates": [ [ [ 14767.17, 38797.760000000002037 ], [ 14767.17, 41373.54 ], [ 17441.68, 41373.54 ], [ 17441.68, 38797.760000000002037 ], [ 14767.17, 38797.760000000002037 ] ] ] } },
{ "type": "Feature", "properties": { "name": "plate4_10E", "color": [ 213, 143, 92 ], "hex": "#D58F5C", "meanx": "23695.180", "meany": " 29223.51" }, "geometry": { "type": "Polygon", "coordinates": [ [ [ 22390.029999999998836, 27932.759999999998399 ], [ 22390.029999999998836, 30514.27 ], [ 25000.330000000001746, 30514.27 ], [ 25000.330000000001746, 27932.759999999998399 ], [ 22390.029999999998836, 27932.759999999998399 ] ] ] } },
{ "type": "Feature", "properties": { "name": "plate4_10F", "color": [ 213, 143, 92 ], "hex": "#D58F5C", "meanx": "25899.940", "meany": " 15603.63" }, "geometry": { "type": "Polygon", "coordinates": [ [ [ 24579.5, 14289.11 ], [ 24579.5, 16918.150000000001455 ], [ 27220.380000000001019, 16918.150000000001455 ], [ 27220.380000000001019, 14289.11 ], [ 24579.5, 14289.11 ] ] ] } },
{ "type": "Feature", "properties": { "name": "plate4_10G", "color": [ 213, 143, 92 ], "hex": "#D58F5C", "meanx": "31279.615", "meany": " 15546.32" }, "geometry": { "type": "Polygon", "coordinates": [ [ [ 30000.330000000001746, 14246.23 ], [ 30000.330000000001746, 16846.419999999998254 ], [ 32558.900000000001455, 16846.419999999998254 ], [ 32558.900000000001455, 14246.23 ], [ 30000.330000000001746, 14246.23 ] ] ] } },
{ "type": "Feature", "properties": { "name": "plate4_10H", "color": [ 213, 143, 92 ], "hex": "#D58F5C", "meanx": " 7469.215", "meany": " 35271.98" }, "geometry": { "type": "Polygon", "coordinates": [ [ [ 6052.630000000000109, 33950.220000000001164 ], [ 6052.630000000000109, 36593.730000000003201 ], [ 8885.799999999999272, 36593.730000000003201 ], [ 8885.799999999999272, 33950.220000000001164 ], [ 6052.630000000000109, 33950.220000000001164 ] ] ] } },
{ "type": "Feature", "properties": { "name": "plate4_11A", "color": [ 80, 80, 255 ], "hex": "#5050FF", "meanx": "13690.325", "meany": " 45391.45" }, "geometry": { "type": "Polygon", "coordinates": [ [ [ 12347.49, 44108.57 ], [ 12347.49, 46674.330000000001746 ], [ 15033.16, 46674.330000000001746 ], [ 15033.16, 44108.57 ], [ 12347.49, 44108.57 ] ] ] } },
{ "type": "Feature", "properties": { "name": "plate4_11B", "color": [ 213, 143, 92 ], "hex": "#D58F5C", "meanx": "26087.050", "meany": " 21093.81" }, "geometry": { "type": "Polygon", "coordinates": [ [ [ 24781.169999999998254, 19791.7 ], [ 24781.169999999998254, 22395.919999999998254 ], [ 27392.93, 22395.919999999998254 ], [ 27392.93, 19791.7 ], [ 24781.169999999998254, 19791.7 ] ] ] } },
{ "type": "Feature", "properties": { "name": "plate4_11C", "color": [ 213, 143, 92 ], "hex": "#D58F5C", "meanx": "17877.195", "meany": " 21273.59" }, "geometry": { "type": "Polygon", "coordinates": [ [ [ 16508.02, 19949.849999999998545 ], [ 16508.02, 22597.330000000001746 ], [ 19246.369999999998981, 22597.330000000001746 ], [ 19246.369999999998981, 19949.849999999998545 ], [ 16508.02, 19949.849999999998545 ] ] ] } },
{ "type": "Feature", "properties": { "name": "plate4_11D", "color": [ 213, 143, 92 ], "hex": "#D58F5C", "meanx": "15962.325", "meany": " 37488.52" }, "geometry": { "type": "Polygon", "coordinates": [ [ [ 14617.63, 36194.599999999998545 ], [ 14617.63, 38782.44999999999709 ], [ 17307.02, 38782.44999999999709 ], [ 17307.02, 36194.599999999998545 ], [ 14617.63, 36194.599999999998545 ] ] ] } },
{ "type": "Feature", "properties": { "name": "plate4_11E", "color": [ 213, 143, 92 ], "hex": "#D58F5C", "meanx": "18412.790", "meany": " 32093.88" }, "geometry": { "type": "Polygon", "coordinates": [ [ [ 17074.07, 30795.06000000000131 ], [ 17074.07, 33392.690000000002328 ], [ 19751.509999999998399, 33392.690000000002328 ], [ 19751.509999999998399, 30795.06000000000131 ], [ 17074.07, 30795.06000000000131 ] ] ] } },
{ "type": "Feature", "properties": { "name": "plate4_11F", "color": [ 80, 80, 255 ], "hex": "#5050FF", "meanx": "16522.810", "meany": " 47723.62" }, "geometry": { "type": "Polygon", "coordinates": [ [ [ 15207.45, 46453.529999999998836 ], [ 15207.45, 48993.71 ], [ 17838.169999999998254, 48993.71 ], [ 17838.169999999998254, 46453.529999999998836 ], [ 15207.45, 46453.529999999998836 ] ] ] } },
{ "type": "Feature", "properties": { "name": "plate4_11G", "color": [ 80, 80, 255 ], "hex": "#5050FF", "meanx": "13842.580", "meany": " 47923.94" }, "geometry": { "type": "Polygon", "coordinates": [ [ [ 12507.35, 46647.019999999996799 ], [ 12507.35, 49200.870000000002619 ], [ 15177.81, 49200.870000000002619 ], [ 15177.81, 46647.019999999996799 ], [ 12507.35, 46647.019999999996799 ] ] ] } },
{ "type": "Feature", "properties": { "name": "plate4_11H", "color": [ 213, 143, 92 ], "hex": "#D58F5C", "meanx": "18543.175", "meany": " 34730.15" }, "geometry": { "type": "Polygon", "coordinates": [ [ [ 17211.869999999998981, 33437.239999999997963 ], [ 17211.869999999998981, 36023.059999999997672 ], [ 19874.48, 36023.059999999997672 ], [ 19874.48, 33437.239999999997963 ], [ 17211.869999999998981, 33437.239999999997963 ] ] ] } },
{ "type": "Feature", "properties": { "name": "plate4_12A", "color": [ 213, 143, 92 ], "hex": "#D58F5C", "meanx": " 9751.675", "meany": " 27014.24" }, "geometry": { "type": "Polygon", "coordinates": [ [ [ 8332.440000000000509, 25680.75 ], [ 8332.440000000000509, 28347.720000000001164 ], [ 11170.91, 28347.720000000001164 ], [ 11170.91, 25680.75 ], [ 8332.440000000000509, 25680.75 ] ] ] } },
{ "type": "Feature", "properties": { "name": "plate4_12B", "color": [ 213, 143, 92 ], "hex": "#D58F5C", "meanx": "23163.030", "meany": " 15632.99" }, "geometry": { "type": "Polygon", "coordinates": [ [ [ 21821.43999999999869, 14311.14 ], [ 21821.43999999999869, 16954.830000000001746 ], [ 24504.619999999998981, 16954.830000000001746 ], [ 24504.619999999998981, 14311.14 ], [ 21821.43999999999869, 14311.14 ] ] ] } },
{ "type": "Feature", "properties": { "name": "plate4_12C", "color": [ 107, 215, 107 ], "hex": "#6BD76B", "meanx": "13536.630", "meany": " 42831.30" }, "geometry": { "type": "Polygon", "coordinates": [ [ [ 12186.28, 41542.43 ], [ 12186.28, 44120.169999999998254 ], [ 14886.98, 44120.169999999998254 ], [ 14886.98, 41542.43 ], [ 12186.28, 41542.43 ] ] ] } },
{ "type": "Feature", "properties": { "name": "plate4_12D", "color": [ 213, 143, 92 ], "hex": "#D58F5C", "meanx": "10798.425", "meany": " 43008.11" }, "geometry": { "type": "Polygon", "coordinates": [ [ [ 9427.450000000000728, 41712.21 ], [ 9427.450000000000728, 44304.019999999996799 ], [ 12169.4, 44304.019999999996799 ], [ 12169.4, 41712.21 ], [ 9427.450000000000728, 41712.21 ] ] ] } },
{ "type": "Feature", "properties": { "name": "plate4_12E", "color": [ 107, 215, 107 ], "hex": "#6BD76B", "meanx": "13993.130", "meany": " 50431.35" }, "geometry": { "type": "Polygon", "coordinates": [ [ [ 12665.25, 49160.32 ], [ 12665.25, 51702.39 ], [ 15321.01, 51702.39 ], [ 15321.01, 49160.32 ], [ 12665.25, 49160.32 ] ] ] } },
{ "type": "Feature", "properties": { "name": "plate4_12F", "color": [ 213, 143, 92 ], "hex": "#D58F5C", "meanx": "15818.645", "meany": " 34863.54" }, "geometry": { "type": "Polygon", "coordinates": [ [ [ 14466.37, 33563.519999999996799 ], [ 14466.37, 36163.57 ], [ 17170.919999999998254, 36163.57 ], [ 17170.919999999998254, 33563.519999999996799 ], [ 14466.37, 33563.519999999996799 ] ] ] } },
{ "type": "Feature", "properties": { "name": "plate4_12G", "color": [ 213, 143, 92 ], "hex": "#D58F5C", "meanx": "13224.550", "meany": " 37636.96" }, "geometry": { "type": "Polygon", "coordinates": [ [ [ 11859.14, 36335.94999999999709 ], [ 11859.14, 38937.980000000003201 ], [ 14589.96, 38937.980000000003201 ], [ 14589.96, 36335.94999999999709 ], [ 11859.14, 36335.94999999999709 ] ] ] } },
{ "type": "Feature", "properties": { "name": "plate4_12H", "color": [ 213, 149, 167 ], "hex": "#D595A7", "meanx": " 5445.500", "meany": " 51938.50" }, "geometry": { "type": "Polygon", "coordinates": [ [ [ 3977.0, 48190.0 ], [ 3977.0, 55687.0 ], [ 6914.0, 55687.0 ], [ 6914.0, 48190.0 ], [ 3977.0, 48190.0 ] ] ] } },
{ "type": "Feature", "properties": { "name": "plate4_1A", "color": [ 213, 143, 92 ], "hex": "#D58F5C", "meanx": "26179.040", "meany": " 23796.38" }, "geometry": { "type": "Polygon", "coordinates": [ [ [ 24880.25, 22500.380000000001019 ], [ 24880.25, 25092.380000000001019 ], [ 27477.830000000001746, 25092.380000000001019 ], [ 27477.830000000001746, 22500.380000000001019 ], [ 24880.25, 22500.380000000001019 ] ] ] } },
{ "type": "Feature", "properties": { "name": "plate4_1B", "color": [ 107, 215, 107 ], "hex": "#6BD76B", "meanx": "11783.480", "meany": " 58059.79" }, "geometry": { "type": "Polygon", "coordinates": [ [ [ 10457.58, 56799.39 ], [ 10457.58, 59320.18 ], [ 13109.38, 59320.18 ], [ 13109.38, 56799.39 ], [ 10457.58, 56799.39 ] ] ] } },
{ "type": "Feature", "properties": { "name": "plate4_1C", "color": [ 213, 143, 92 ], "hex": "#D58F5C", "meanx": "21002.820", "meany": " 29326.43" }, "geometry": { "type": "Polygon", "coordinates": [ [ [ 19677.43999999999869, 28028.43 ], [ 19677.43999999999869, 30624.43 ], [ 22328.2, 30624.43 ], [ 22328.2, 28028.43 ], [ 19677.43999999999869, 28028.43 ] ] ] } },
{ "type": "Feature", "properties": { "name": "plate4_1D", "color": [ 107, 215, 107 ], "hex": "#6BD76B", "meanx": "20643.455", "meany": " 21213.14" }, "geometry": { "type": "Polygon", "coordinates": [ [ [ 19295.580000000001746, 19896.55 ], [ 19295.580000000001746, 22529.720000000001164 ], [ 21991.330000000001746, 22529.720000000001164 ], [ 21991.330000000001746, 19896.55 ], [ 19295.580000000001746, 19896.55 ] ] ] } },
{ "type": "Feature", "properties": { "name": "plate4_1E", "color": [ 213, 143, 92 ], "hex": "#D58F5C", "meanx": " 8395.000", "meany": " 48330.92" }, "geometry": { "type": "Polygon", "coordinates": [ [ [ 7018.600000000000364, 47040.260000000002037 ], [ 7018.600000000000364, 49621.57 ], [ 9771.399999999999636, 49621.57 ], [ 9771.399999999999636, 47040.260000000002037 ], [ 7018.600000000000364, 47040.260000000002037 ] ] ] } },
{ "type": "Feature", "properties": { "name": "plate4_1F", "color": [ 213, 143, 92 ], "hex": "#D58F5C", "meanx": "15673.445", "meany": " 32213.29" }, "geometry": { "type": "Polygon", "coordinates": [ [ [ 14313.76, 30907.130000000001019 ], [ 14313.76, 33519.44999999999709 ], [ 17033.130000000001019, 33519.44999999999709 ], [ 17033.130000000001019, 30907.130000000001019 ], [ 14313.76, 30907.130000000001019 ] ] ] } },
{ "type": "Feature", "properties": { "name": "plate4_1G", "color": [ 213, 149, 167 ], "hex": "#D595A7", "meanx": " 8574.475", "meany": " 50863.48" }, "geometry": { "type": "Polygon", "coordinates": [ [ [ 7205.859999999999673, 49578.64 ], [ 7205.859999999999673, 52148.32 ], [ 9943.090000000000146, 52148.32 ], [ 9943.090000000000146, 49578.64 ], [ 7205.859999999999673, 49578.64 ] ] ] } },
{ "type": "Feature", "properties": { "name": "plate4_1H", "color": [ 213, 143, 92 ], "hex": "#D58F5C", "meanx": "25804.885", "meany": " 12817.08" }, "geometry": { "type": "Polygon", "coordinates": [ [ [ 24477.330000000001746, 11496.27 ], [ 24477.330000000001746, 14137.88 ], [ 27132.43999999999869, 14137.88 ], [ 27132.43999999999869, 11496.27 ], [ 24477.330000000001746, 11496.27 ] ] ] } },
{ "type": "Feature", "properties": { "name": "plate4_2A", "color": [ ], "hex": null, "meanx": "11942.290", "meany": " 60483.58" }, "geometry": { "type": "Polygon", "coordinates": [ [ [ 10623.44, 59228.93 ], [ 10623.44, 61738.239999999997963 ], [ 13261.14, 61738.239999999997963 ], [ 13261.14, 59228.93 ], [ 10623.44, 59228.93 ] ] ] } },
{ "type": "Feature", "properties": { "name": "plate4_2B", "color": [ 213, 143, 92 ], "hex": "#D58F5C", "meanx": "31213.120", "meany": " 12789.79" }, "geometry": { "type": "Polygon", "coordinates": [ [ [ 29927.16, 11483.55 ], [ 29927.16, 14096.03 ], [ 32499.080000000001746, 14096.03 ], [ 32499.080000000001746, 11483.55 ], [ 29927.16, 11483.55 ] ] ] } },
{ "type": "Feature", "properties": { "name": "plate4_2C", "color": [ 213, 143, 92 ], "hex": "#D58F5C", "meanx": "20521.200", "meany": " 18451.09" }, "geometry": { "type": "Polygon", "coordinates": [ [ [ 19165.71, 17128.18999999999869 ], [ 19165.71, 19773.990000000001601 ], [ 21876.68999999999869, 19773.990000000001601 ], [ 21876.68999999999869, 17128.18999999999869 ], [ 19165.71, 17128.18999999999869 ] ] ] } },
{ "type": "Feature", "properties": { "name": "plate4_2D", "color": [ 213, 143, 92 ], "hex": "#D58F5C", "meanx": "23590.935", "meany": " 26559.44" }, "geometry": { "type": "Polygon", "coordinates": [ [ [ 22278.66, 25262.43 ], [ 22278.66, 27856.45 ], [ 24903.21, 27856.45 ], [ 24903.21, 25262.43 ], [ 22278.66, 25262.43 ] ] ] } },
{ "type": "Feature", "properties": { "name": "plate4_2E", "color": [ 213, 143, 92 ], "hex": "#D58F5C", "meanx": "12905.930", "meany": " 32334.10" }, "geometry": { "type": "Polygon", "coordinates": [ [ [ 11524.71, 31020.68 ], [ 11524.71, 33647.510000000002037 ], [ 14287.15, 33647.510000000002037 ], [ 14287.15, 31020.68 ], [ 11524.71, 31020.68 ] ] ] } },
{ "type": "Feature", "properties": { "name": "plate4_2F", "color": [ 213, 143, 92 ], "hex": "#D58F5C", "meanx": "17981.930", "meany": " 24020.00" }, "geometry": { "type": "Polygon", "coordinates": [ [ [ 16651.630000000001019, 22702.39 ], [ 16651.630000000001019, 25337.61 ], [ 19312.23, 25337.61 ], [ 19312.23, 22702.39 ], [ 16651.630000000001019, 22702.39 ] ] ] } },
{ "type": "Feature", "properties": { "name": "plate4_2G", "color": [ 213, 143, 92 ], "hex": "#D58F5C", "meanx": "10456.680", "meany": " 37787.02" }, "geometry": { "type": "Polygon", "coordinates": [ [ [ 9069.809999999999491, 36478.82 ], [ 9069.809999999999491, 39095.220000000001164 ], [ 11843.55, 39095.220000000001164 ], [ 11843.55, 36478.82 ], [ 9069.809999999999491, 36478.82 ] ] ] } },
{ "type": "Feature", "properties": { "name": "plate4_2H", "color": [ 107, 215, 107 ], "hex": "#6BD76B", "meanx": " 8928.370", "meany": " 55855.04" }, "geometry": { "type": "Polygon", "coordinates": [ [ [ 7574.850000000000364, 54582.07 ], [ 7574.850000000000364, 57128.019999999996799 ], [ 10281.89, 57128.019999999996799 ], [ 10281.89, 54582.07 ], [ 7574.850000000000364, 54582.07 ] ] ] } },
{ "type": "Feature", "properties": { "name": "plate4_3A", "color": [ 80, 80, 255 ], "hex": "#5050FF", "meanx": "11133.465", "meany": " 48126.41" }, "geometry": { "type": "Polygon", "coordinates": [ [ [ 9777.649999999999636, 46842.559999999997672 ], [ 9777.649999999999636, 49410.269999999996799 ], [ 12489.28, 49410.269999999996799 ], [ 12489.28, 46842.559999999997672 ], [ 9777.649999999999636, 46842.559999999997672 ] ] ] } },
{ "type": "Feature", "properties": { "name": "plate4_3B", "color": [ 80, 80, 255 ], "hex": "#5050FF", "meanx": "10966.770", "meany": " 45580.87" }, "geometry": { "type": "Polygon", "coordinates": [ [ [ 9603.489999999999782, 44291.010000000002037 ], [ 9603.489999999999782, 46870.730000000003201 ], [ 12330.05, 46870.730000000003201 ], [ 12330.05, 44291.010000000002037 ], [ 9603.489999999999782, 44291.010000000002037 ] ] ] } },
{ "type": "Feature", "properties": { "name": "plate4_3C", "color": [ 213, 143, 92 ], "hex": "#D58F5C", "meanx": "28841.250", "meany": " 23723.34" }, "geometry": { "type": "Polygon", "coordinates": [ [ [ 27562.41, 22434.400000000001455 ], [ 27562.41, 25012.279999999998836 ], [ 30120.09, 25012.279999999998836 ], [ 30120.09, 22434.400000000001455 ], [ 27562.41, 22434.400000000001455 ] ] ] } },
{ "type": "Feature", "properties": { "name": "plate4_3D", "color": [ 213, 143, 92 ], "hex": "#D58F5C", "meanx": "26360.495", "meany": " 29121.59" }, "geometry": { "type": "Polygon", "coordinates": [ [ [ 25075.45, 27837.64 ], [ 25075.45, 30405.54 ], [ 27645.54, 30405.54 ], [ 27645.54, 27837.64 ], [ 25075.45, 27837.64 ] ] ] } },
{ "type": "Feature", "properties": { "name": "plate4_3E", "color": [ 213, 143, 92 ], "hex": "#D58F5C", "meanx": "23485.530", "meany": " 23869.89" }, "geometry": { "type": "Polygon", "coordinates": [ [ [ 22166.21, 22566.75 ], [ 22166.21, 25173.02 ], [ 24804.849999999998545, 25173.02 ], [ 24804.849999999998545, 22566.75 ], [ 22166.21, 22566.75 ] ] ] } },
{ "type": "Feature", "properties": { "name": "plate4_3F", "color": [ 213, 149, 167 ], "hex": "#D595A7", "meanx": "14436.265", "meany": " 57809.09" }, "geometry": { "type": "Polygon", "coordinates": [ [ [ 13129.76, 56555.36 ], [ 13129.76, 59062.82 ], [ 15742.77, 59062.82 ], [ 15742.77, 56555.36 ], [ 13129.76, 56555.36 ] ] ] } },
{ "type": "Feature", "properties": { "name": "plate4_3G", "color": [ 213, 143, 92 ], "hex": "#D58F5C", "meanx": "20764.575", "meany": " 23944.54" }, "geometry": { "type": "Polygon", "coordinates": [ [ [ 19424.39, 22634.21 ], [ 19424.39, 25254.880000000001019 ], [ 22104.759999999998399, 25254.880000000001019 ], [ 22104.759999999998399, 22634.21 ], [ 19424.39, 22634.21 ] ] ] } },
{ "type": "Feature", "properties": { "name": "plate4_3H", "color": [ 213, 143, 92 ], "hex": "#D58F5C", "meanx": " 7278.410", "meany": " 32579.59" }, "geometry": { "type": "Polygon", "coordinates": [ [ [ 5853.5, 31251.66 ], [ 5853.5, 33907.519999999996799 ], [ 8703.319999999999709, 33907.519999999996799 ], [ 8703.319999999999709, 31251.66 ], [ 5853.5, 31251.66 ] ] ] } },
{ "type": "Feature", "properties": { "name": "plate4_4A", "color": [ 107, 215, 107 ], "hex": "#6BD76B", "meanx": "16659.360", "meany": " 50219.08" }, "geometry": { "type": "Polygon", "coordinates": [ [ [ 15351.14, 48954.80000000000291 ], [ 15351.14, 51483.36 ], [ 17967.580000000001746, 51483.36 ], [ 17967.580000000001746, 48954.80000000000291 ], [ 15351.14, 48954.80000000000291 ] ] ] } },
{ "type": "Feature", "properties": { "name": "plate4_4B", "color": [ 213, 149, 167 ], "hex": "#D595A7", "meanx": "16794.670", "meany": " 52691.45" }, "geometry": { "type": "Polygon", "coordinates": [ [ [ 15493.5, 51432.940000000002328 ], [ 15493.5, 53949.96 ], [ 18095.84, 53949.96 ], [ 18095.84, 51432.940000000002328 ], [ 15493.5, 51432.940000000002328 ] ] ] } },
{ "type": "Feature", "properties": { "name": "plate4_4C", "color": [ 213, 143, 92 ], "hex": "#D58F5C", "meanx": "28763.055", "meany": " 21035.35" }, "geometry": { "type": "Polygon", "coordinates": [ [ [ 27477.529999999998836, 19740.55 ], [ 27477.529999999998836, 22330.16 ], [ 30048.580000000001746, 22330.16 ], [ 30048.580000000001746, 19740.55 ], [ 27477.529999999998836, 19740.55 ] ] ] } },
{ "type": "Feature", "properties": { "name": "plate4_4D", "color": [ 213, 143, 92 ], "hex": "#D58F5C", "meanx": "25993.855", "meany": " 18361.83" }, "geometry": { "type": "Polygon", "coordinates": [ [ [ 24680.64, 17053.73 ], [ 24680.64, 19669.93 ], [ 27307.07, 19669.93 ], [ 27307.07, 17053.73 ], [ 24680.64, 17053.73 ] ] ] } },
{ "type": "Feature", "properties": { "name": "plate4_4E", "color": [ 213, 143, 92 ], "hex": "#D58F5C", "meanx": "26270.100", "meany": " 26471.30" }, "geometry": { "type": "Polygon", "coordinates": [ [ [ 24978.3, 25181.349999999998545 ], [ 24978.3, 27761.25 ], [ 27561.900000000001455, 27761.25 ], [ 27561.900000000001455, 25181.349999999998545 ], [ 24978.3, 25181.349999999998545 ] ] ] } },
{ "type": "Feature", "properties": { "name": "plate4_4F", "color": [ 213, 149, 167 ], "hex": "#D595A7", "meanx": "11461.850", "meany": " 53143.23" }, "geometry": { "type": "Polygon", "coordinates": [ [ [ 10121.25, 51871.230000000003201 ], [ 10121.25, 54415.230000000003201 ], [ 12802.45, 54415.230000000003201 ], [ 12802.45, 51871.230000000003201 ], [ 10121.25, 51871.230000000003201 ] ] ] } },
{ "type": "Feature", "properties": { "name": "plate4_4G", "color": [ 213, 143, 92 ], "hex": "#D58F5C", "meanx": " 9930.685", "meany": " 29750.15" }, "geometry": { "type": "Polygon", "coordinates": [ [ [ 8519.739999999999782, 28423.07 ], [ 8519.739999999999782, 31077.220000000001164 ], [ 11341.63, 31077.220000000001164 ], [ 11341.63, 28423.07 ], [ 8519.739999999999782, 28423.07 ] ] ] } },
{ "type": "Feature", "properties": { "name": "plate4_4H", "color": [ 213, 143, 92 ], "hex": "#D58F5C", "meanx": "13066.095", "meany": " 34997.96" }, "geometry": { "type": "Polygon", "coordinates": [ [ [ 11692.91, 33690.769999999996799 ], [ 11692.91, 36305.14 ], [ 14439.28, 36305.14 ], [ 14439.28, 33690.769999999996799 ], [ 11692.91, 33690.769999999996799 ] ] ] } },
{ "type": "Feature", "properties": { "name": "plate4_5A", "color": [ 213, 143, 92 ], "hex": "#D58F5C", "meanx": "18147.690", "meany": " 26738.08" }, "geometry": { "type": "Polygon", "coordinates": [ [ [ 16793.71, 25426.73 ], [ 16793.71, 28049.43999999999869 ], [ 19501.669999999998254, 28049.43999999999869 ], [ 19501.669999999998254, 25426.73 ], [ 16793.71, 25426.73 ] ] ] } },
{ "type": "Feature", "properties": { "name": "plate4_5B", "color": [ 213, 143, 92 ], "hex": "#D58F5C", "meanx": "12415.755", "meany": " 24173.37" }, "geometry": { "type": "Polygon", "coordinates": [ [ [ 11010.61, 22841.130000000001019 ], [ 11010.61, 25505.61 ], [ 13820.9, 25505.61 ], [ 13820.9, 22841.130000000001019 ], [ 11010.61, 22841.130000000001019 ] ] ] } },
{ "type": "Feature", "properties": { "name": "plate4_5C", "color": [ 213, 143, 92 ], "hex": "#D58F5C", "meanx": "12580.935", "meany": " 26921.18" }, "geometry": { "type": "Polygon", "coordinates": [ [ [ 11183.74, 25595.150000000001455 ], [ 11183.74, 28247.21 ], [ 13978.13, 28247.21 ], [ 13978.13, 25595.150000000001455 ], [ 11183.74, 25595.150000000001455 ] ] ] } },
{ "type": "Feature", "properties": { "name": "plate4_5D", "color": [ 213, 149, 167 ], "hex": "#D595A7", "meanx": "11623.465", "meany": " 55613.47" }, "geometry": { "type": "Polygon", "coordinates": [ [ [ 10290.24, 54347.309999999997672 ], [ 10290.24, 56879.629999999997381 ], [ 12956.69, 56879.629999999997381 ], [ 12956.69, 54347.309999999997672 ], [ 10290.24, 54347.309999999997672 ] ] ] } },
{ "type": "Feature", "properties": { "name": "plate4_5E", "color": [ 213, 149, 167 ], "hex": "#D595A7", "meanx": "14290.095", "meany": " 55374.60" }, "geometry": { "type": "Polygon", "coordinates": [ [ [ 12976.48, 54115.330000000001746 ], [ 12976.48, 56633.879999999997381 ], [ 15603.71, 56633.879999999997381 ], [ 15603.71, 54115.330000000001746 ], [ 12976.48, 54115.330000000001746 ] ] ] } },
{ "type": "Feature", "properties": { "name": "plate4_5F", "color": [ 107, 215, 107 ], "hex": "#6BD76B", "meanx": "16384.720", "meany": " 45203.69" }, "geometry": { "type": "Polygon", "coordinates": [ [ [ 15062.33, 43927.739999999997963 ], [ 15062.33, 46479.64 ], [ 17707.11, 46479.64 ], [ 17707.11, 43927.739999999997963 ], [ 15062.33, 43927.739999999997963 ] ] ] } },
{ "type": "Feature", "properties": { "name": "plate4_5G", "color": [ 213, 143, 92 ], "hex": "#D58F5C", "meanx": " 7658.175", "meany": " 37938.74" }, "geometry": { "type": "Polygon", "coordinates": [ [ [ 6249.819999999999709, 36623.29 ], [ 6249.819999999999709, 39254.19999999999709 ], [ 9066.530000000000655, 39254.19999999999709 ], [ 9066.530000000000655, 36623.29 ], [ 6249.819999999999709, 36623.29 ] ] ] } },
{ "type": "Feature", "properties": { "name": "plate4_5H", "color": [ 213, 143, 92 ], "hex": "#D58F5C", "meanx": "12744.345", "meany": " 29642.75" }, "geometry": { "type": "Polygon", "coordinates": [ [ [ 11355.18, 28323.05 ], [ 11355.18, 30962.46 ], [ 14133.51, 30962.46 ], [ 14133.51, 28323.05 ], [ 11355.18, 28323.05 ] ] ] } },
{ "type": "Feature", "properties": { "name": "plate4_6A", "color": [ 213, 143, 92 ], "hex": "#D58F5C", "meanx": "23271.720", "meany": " 18406.15" }, "geometry": { "type": "Polygon", "coordinates": [ [ [ 21937.77, 17090.59 ], [ 21937.77, 19721.7 ], [ 24605.669999999998254, 19721.7 ], [ 24605.669999999998254, 17090.59 ], [ 21937.77, 17090.59 ] ] ] } },
{ "type": "Feature", "properties": { "name": "plate4_6B", "color": [ 97, 42, 121 ], "hex": "#612A79", "meanx": "13381.480", "meany": " 40247.25" }, "geometry": { "type": "Polygon", "coordinates": [ [ [ 12023.54, 38952.519999999996799 ], [ 12023.54, 41541.989999999997963 ], [ 14739.42, 41541.989999999997963 ], [ 14739.42, 38952.519999999996799 ], [ 12023.54, 38952.519999999996799 ] ] ] } },
{ "type": "Feature", "properties": { "name": "plate4_6C", "color": [ 213, 143, 92 ], "hex": "#D58F5C", "meanx": "20884.245", "meany": " 26648.28" }, "geometry": { "type": "Polygon", "coordinates": [ [ [ 19551.509999999998399, 25344.34 ], [ 19551.509999999998399, 27952.21 ], [ 22216.98, 27952.21 ], [ 22216.98, 25344.34 ], [ 19551.509999999998399, 25344.34 ] ] ] } },
{ "type": "Feature", "properties": { "name": "plate4_6D", "color": [ 213, 143, 92 ], "hex": "#D58F5C", "meanx": "33927.285", "meany": " 15517.92" }, "geometry": { "type": "Polygon", "coordinates": [ [ [ 32668.23, 14224.92 ], [ 32668.23, 16810.91 ], [ 35186.339999999996508, 16810.91 ], [ 35186.339999999996508, 14224.92 ], [ 32668.23, 14224.92 ] ] ] } },
{ "type": "Feature", "properties": { "name": "plate4_6E", "color": [ ], "hex": null, "meanx": " 8213.725", "meany": " 45772.72" }, "geometry": { "type": "Polygon", "coordinates": [ [ [ 6829.470000000000255, 44475.82 ], [ 6829.470000000000255, 47069.629999999997381 ], [ 9597.979999999999563, 47069.629999999997381 ], [ 9597.979999999999563, 44475.82 ], [ 6829.470000000000255, 44475.82 ] ] ] } },
{ "type": "Feature", "properties": { "name": "plate4_6F", "color": [ 213, 143, 92 ], "hex": "#D58F5C", "meanx": "23053.385", "meany": " 12830.76" }, "geometry": { "type": "Polygon", "coordinates": [ [ [ 21704.23, 11502.76 ], [ 21704.23, 14158.77 ], [ 24402.54, 14158.77 ], [ 24402.54, 11502.76 ], [ 21704.23, 11502.76 ] ] ] } },
{ "type": "Feature", "properties": { "name": "plate4_6G", "color": [ 213, 143, 92 ], "hex": "#D58F5C", "meanx": " 7845.280", "meany": " 40576.04" }, "geometry": { "type": "Polygon", "coordinates": [ [ [ 6444.840000000000146, 39266.82 ], [ 6444.840000000000146, 41885.25 ], [ 9245.719999999999345, 41885.25 ], [ 9245.719999999999345, 39266.82 ], [ 6444.840000000000146, 39266.82 ] ] ] } },
{ "type": "Feature", "properties": { "name": "plate4_6H", "color": [ 97, 42, 121 ], "hex": "#612A79", "meanx": "18926.905", "meany": " 42483.23" }, "geometry": { "type": "Polygon", "coordinates": [ [ [ 17617.150000000001455, 41208.220000000001164 ], [ 17617.150000000001455, 43758.239999999997963 ], [ 20236.66, 43758.239999999997963 ], [ 20236.66, 41208.220000000001164 ], [ 17617.150000000001455, 41208.220000000001164 ] ] ] } },
{ "type": "Feature", "properties": { "name": "plate4_7A", "color": [ 213, 143, 92 ], "hex": "#D58F5C", "meanx": "33821.670", "meany": " 10002.85" }, "geometry": { "type": "Polygon", "coordinates": [ [ [ 32549.04, 8693.3799999999992 ], [ 32549.04, 11312.33 ], [ 35094.30000000000291, 11312.33 ], [ 35094.30000000000291, 8693.3799999999992 ], [ 32549.04, 8693.3799999999992 ] ] ] } },
{ "type": "Feature", "properties": { "name": "plate4_7B", "color": [ ], "hex": null, "meanx": " 9446.095", "meany": " 63158.54" }, "geometry": { "type": "Polygon", "coordinates": [ [ [ 8115.0600000000004, 61903.14 ], [ 8115.0600000000004, 64413.940000000002328 ], [ 10777.13, 64413.940000000002328 ], [ 10777.13, 61903.14 ], [ 8115.0600000000004, 61903.14 ] ] ] } },
{ "type": "Feature", "properties": { "name": "plate4_7C", "color": [ 107, 215, 107 ], "hex": "#6BD76B", "meanx": " 9102.535", "meany": " 58312.84" }, "geometry": { "type": "Polygon", "coordinates": [ [ [ 7756.5, 57045.71 ], [ 7756.5, 59579.970000000001164 ], [ 10448.57, 59579.970000000001164 ], [ 10448.57, 57045.71 ], [ 7756.5, 57045.71 ] ] ] } },
{ "type": "Feature", "properties": { "name": "plate4_7D", "color": [ 213, 143, 92 ], "hex": "#D58F5C", "meanx": "23379.225", "meany": " 21153.16" }, "geometry": { "type": "Polygon", "coordinates": [ [ [ 22052.64, 19843.849999999998545 ], [ 22052.64, 22462.470000000001164 ], [ 24705.81000000000131, 22462.470000000001164 ], [ 24705.81000000000131, 19843.849999999998545 ], [ 22052.64, 19843.849999999998545 ] ] ] } },
{ "type": "Feature", "properties": { "name": "plate4_7E", "color": [ 213, 143, 92 ], "hex": "#D58F5C", "meanx": "36505.510", "meany": " 12763.45" }, "geometry": { "type": "Polygon", "coordinates": [ [ [ 35259.470000000001164, 11471.45 ], [ 35259.470000000001164, 14055.46 ], [ 37751.55000000000291, 14055.46 ], [ 37751.55000000000291, 11471.45 ], [ 35259.470000000001164, 11471.45 ] ] ] } },
{ "type": "Feature", "properties": { "name": "plate4_7F", "color": [ 80, 80, 255 ], "hex": "#5050FF", "meanx": "11298.320", "meany": " 50646.26" }, "geometry": { "type": "Polygon", "coordinates": [ [ [ 9950.049999999999272, 49368.36 ], [ 9950.049999999999272, 51924.169999999998254 ], [ 12646.59, 51924.169999999998254 ], [ 12646.59, 49368.36 ], [ 9950.049999999999272, 49368.36 ] ] ] } },
{ "type": "Feature", "properties": { "name": "plate4_7G", "color": [ 213, 149, 167 ], "hex": "#D595A7", "meanx": "14142.510", "meany": " 52916.12" }, "geometry": { "type": "Polygon", "coordinates": [ [ [ 12821.72, 51650.910000000003492 ], [ 12821.72, 54181.339999999996508 ], [ 15463.3, 54181.339999999996508 ], [ 15463.3, 51650.910000000003492 ], [ 12821.72, 51650.910000000003492 ] ] ] } },
{ "type": "Feature", "properties": { "name": "plate4_7H", "color": [ 213, 143, 92 ], "hex": "#D58F5C", "meanx": "20397.545", "meany": " 15662.63" }, "geometry": { "type": "Polygon", "coordinates": [ [ [ 19034.59, 14333.36 ], [ 19034.59, 16991.900000000001455 ], [ 21760.5, 16991.900000000001455 ], [ 21760.5, 14333.36 ], [ 19034.59, 14333.36 ] ] ] } },
{ "type": "Feature", "properties": { "name": "plate4_8A", "color": [ 213, 143, 92 ], "hex": "#D58F5C", "meanx": "28604.595", "meany": " 15574.62" }, "geometry": { "type": "Polygon", "coordinates": [ [ [ 27305.119999999998981, 14267.36 ], [ 27305.119999999998981, 16881.880000000001019 ], [ 29904.07, 16881.880000000001019 ], [ 29904.07, 14267.36 ], [ 27305.119999999998981, 14267.36 ] ] ] } },
{ "type": "Feature", "properties": { "name": "plate4_8B", "color": [ 107, 215, 107 ], "hex": "#6BD76B", "meanx": " 8752.445", "meany": " 53372.76" }, "geometry": { "type": "Polygon", "coordinates": [ [ [ 7391.3100000000004, 52093.879999999997381 ], [ 7391.3100000000004, 54651.64 ], [ 10113.58, 54651.64 ], [ 10113.58, 52093.879999999997381 ], [ 7391.3100000000004, 52093.879999999997381 ] ] ] } },
{ "type": "Feature", "properties": { "name": "plate4_8C", "color": [ 213, 143, 92 ], "hex": "#D58F5C", "meanx": "10283.100", "meany": " 35134.22" }, "geometry": { "type": "Polygon", "coordinates": [ [ [ 8888.219999999999345, 33819.779999999998836 ], [ 8888.219999999999345, 36448.660000000003492 ], [ 11677.98, 36448.660000000003492 ], [ 11677.98, 33819.779999999998836 ], [ 8888.219999999999345, 33819.779999999998836 ] ] ] } },
{ "type": "Feature", "properties": { "name": "plate4_8D", "color": [ 97, 42, 121 ], "hex": "#612A79", "meanx": "16245.310", "meany": " 42656.40" }, "geometry": { "type": "Polygon", "coordinates": [ [ [ 14915.65, 41374.510000000002037 ], [ 14915.65, 43938.29 ], [ 17574.970000000001164, 43938.29 ], [ 17574.970000000001164, 41374.510000000002037 ], [ 14915.65, 41374.510000000002037 ] ] ] } },
{ "type": "Feature", "properties": { "name": "plate4_8E", "color": [ 213, 143, 92 ], "hex": "#D58F5C", "meanx": "31146.150", "meany": " 10000.77" }, "geometry": { "type": "Polygon", "coordinates": [ [ [ 29853.220000000001164, 8683.819999999999709 ], [ 29853.220000000001164, 11317.73 ], [ 32439.080000000001746, 11317.73 ], [ 32439.080000000001746, 8683.819999999999709 ], [ 29853.220000000001164, 8683.819999999999709 ] ] ] } },
{ "type": "Feature", "properties": { "name": "plate4_8F", "color": [ 213, 143, 92 ], "hex": "#D58F5C", "meanx": "33874.850", "meany": " 12776.54" }, "geometry": { "type": "Polygon", "coordinates": [ [ [ 32609.14, 11477.66 ], [ 32609.14, 14075.42 ], [ 35140.559999999997672, 14075.42 ], [ 35140.559999999997672, 11477.66 ], [ 32609.14, 11477.66 ] ] ] } },
{ "type": "Feature", "properties": { "name": "plate4_8G", "color": [ 97, 42, 121 ], "hex": "#612A79", "meanx": "10628.525", "meany": " 40410.66" }, "geometry": { "type": "Polygon", "coordinates": [ [ [ 9249.719999999999345, 39108.629999999997381 ], [ 9249.719999999999345, 41712.690000000002328 ], [ 12007.33, 41712.690000000002328 ], [ 12007.33, 39108.629999999997381 ], [ 9249.719999999999345, 39108.629999999997381 ] ] ] } },
{ "type": "Feature", "properties": { "name": "plate4_8H", "color": [ 213, 143, 92 ], "hex": "#D58F5C", "meanx": "15229.020", "meany": " 24096.38" }, "geometry": { "type": "Polygon", "coordinates": [ [ [ 13845.74, 22771.39 ], [ 13845.74, 25421.369999999998981 ], [ 16612.3, 25421.369999999998981 ], [ 16612.3, 22771.39 ], [ 13845.74, 22771.39 ] ] ] } },
{ "type": "Feature", "properties": { "name": "plate4_9A", "color": [ 80, 80, 255 ], "hex": "#5050FF", "meanx": " 9275.320", "meany": " 60748.52" }, "geometry": { "type": "Polygon", "coordinates": [ [ [ 7936.96, 59487.21 ], [ 7936.96, 62009.830000000001746 ], [ 10613.68, 62009.830000000001746 ], [ 10613.68, 59487.21 ], [ 7936.96, 59487.21 ] ] ] } },
{ "type": "Feature", "properties": { "name": "plate4_9B", "color": [ 213, 143, 92 ], "hex": "#D58F5C", "meanx": "18280.865", "meany": " 29430.69" }, "geometry": { "type": "Polygon", "coordinates": [ [ [ 16934.490000000001601, 28125.54 ], [ 16934.490000000001601, 30735.849999999998545 ], [ 19627.240000000001601, 30735.849999999998545 ], [ 19627.240000000001601, 28125.54 ], [ 16934.490000000001601, 28125.54 ] ] ] } },
{ "type": "Feature", "properties": { "name": "plate4_9C", "color": [ 213, 143, 92 ], "hex": "#D58F5C", "meanx": "28523.985", "meany": " 12803.35" }, "geometry": { "type": "Polygon", "coordinates": [ [ [ 27217.220000000001164, 11489.88 ], [ 27217.220000000001164, 14116.83 ], [ 29830.75, 14116.83 ], [ 29830.75, 11489.88 ], [ 27217.220000000001164, 11489.88 ] ] ] } },
{ "type": "Feature", "properties": { "name": "plate4_9D", "color": [ 213, 143, 92 ], "hex": "#D58F5C", "meanx": "15526.920", "meany": " 29536.18" }, "geometry": { "type": "Polygon", "coordinates": [ [ [ 14159.51, 28223.81000000000131 ], [ 14159.51, 30848.55 ], [ 16894.330000000001746, 30848.55 ], [ 16894.330000000001746, 28223.81000000000131 ], [ 14159.51, 28223.81000000000131 ] ] ] } },
{ "type": "Feature", "properties": { "name": "plate4_9E", "color": [ 213, 143, 92 ], "hex": "#D58F5C", "meanx": "15378.795", "meany": " 26829.17" }, "geometry": { "type": "Polygon", "coordinates": [ [ [ 14003.61, 25510.5 ], [ 14003.61, 28147.830000000001746 ], [ 16753.98, 28147.830000000001746 ], [ 16753.98, 25510.5 ], [ 14003.61, 25510.5 ] ] ] } },
{ "type": "Feature", "properties": { "name": "plate4_9F", "color": [ 213, 143, 92 ], "hex": "#D58F5C", "meanx": "28684.185", "meany": " 18318.03" }, "geometry": { "type": "Polygon", "coordinates": [ [ [ 27391.71, 17016.93 ], [ 27391.71, 19619.14 ], [ 29976.66, 19619.14 ], [ 29976.66, 17016.93 ], [ 27391.71, 17016.93 ] ] ] } },
{ "type": "Feature", "properties": { "name": "plate4_9G", "color": [ 213, 143, 92 ], "hex": "#D58F5C", "meanx": " 8030.280", "meany": " 43186.68" }, "geometry": { "type": "Polygon", "coordinates": [ [ [ 6637.880000000000109, 41883.82 ], [ 6637.880000000000109, 44489.529999999998836 ], [ 9422.680000000000291, 44489.529999999998836 ], [ 9422.680000000000291, 41883.82 ], [ 6637.880000000000109, 41883.82 ] ] ] } },
{ "type": "Feature", "properties": { "name": "plate4_9H", "color": [ 213, 143, 92 ], "hex": "#D58F5C", "meanx": "36466.030", "meany": " 10004.73" }, "geometry": { "type": "Polygon", "coordinates": [ [ [ 35213.660000000003492, 8702.450000000000728 ], [ 35213.660000000003492, 11307.0 ], [ 37718.400000000001455, 11307.0 ], [ 37718.400000000001455, 8702.450000000000728 ], [ 35213.660000000003492, 8702.450000000000728 ] ] ] } }
]
}
